[debug] [2026-08-07T20:50:04.204Z] [Firebase Plugin] Activating Firebase extension.
[debug] [2026-08-07T20:50:05.807Z] [Firebase Plugin] requireAuthWrapper
[debug] [2026-08-07T20:50:05.807Z] > command requires scopes: ["email","openid","https://www.googleapis.com/auth/cloudplatformprojects.readonly","https://www.googleapis.com/auth/firebase","https://www.googleapis.com/auth/cloud-platform"]
[debug] [2026-08-07T20:50:05.816Z] [Firebase Plugin] VSCode notification server listening on port 40001
[info] [Firebase Plugin] Starting SQL Connect toolkit (version 3.4.16) on port 50001
[info] i  dataconnect: downloading dataconnect-emulator-3.4.16... {"metadata":{"emulator":{"name":"dataconnect"},"message":"downloading dataconnect-emulator-3.4.16..."}}
[debug] [2026-08-07T20:50:05.996Z] >>> [apiv2][query] GET https://storage.googleapis.com/firemat-preview-drop/emulator/dataconnect-emulator-linux-amd64-v3.4.16 
[error] [Firebase Plugin] requireAuth error: Could not load the default credentials. Browse to https://cloud.google.com/docs/authentication/getting-started for more information.
[debug] [2026-08-07T20:50:06.682Z] <<< [apiv2][status] GET https://storage.googleapis.com/firemat-preview-drop/emulator/dataconnect-emulator-linux-amd64-v3.4.16 200
[debug] [2026-08-07T20:50:06.682Z] <<< [apiv2][body] GET https://storage.googleapis.com/firemat-preview-drop/emulator/dataconnect-emulator-linux-amd64-v3.4.16 [stream]
[debug] [2026-08-07T20:50:14.001Z] 'fdc build' failed with error: Unable to build your SQL Connect schema and connectors (exit code 1): E0807 17:50:14.000432    5900 cmd.go:43] Error loading data connect config: could not find dataconnect.yaml in `/home/luis/projects/luiskr.com-V3/dataconnect`
 {"metadata":{"emulator":{"name":"dataconnect"},"message":"'fdc build' failed with error: Unable to build your SQL Connect schema and connectors (exit code 1): E0807 17:50:14.000432    5900 cmd.go:43] Error loading data connect config: could not find dataconnect.yaml in `/home/luis/projects/luiskr.com-V3/dataconnect`\n"}}
[debug] [2026-08-07T20:50:14.002Z] Ignoring unsupported arg: auto_download {"metadata":{"emulator":{"name":"dataconnect"},"message":"Ignoring unsupported arg: auto_download"}}
[debug] [2026-08-07T20:50:14.002Z] Ignoring unsupported arg: port {"metadata":{"emulator":{"name":"dataconnect"},"message":"Ignoring unsupported arg: port"}}
[debug] [2026-08-07T20:50:14.002Z] Starting SQL Connect Emulator with command {"binary":"/home/luis/.cache/firebase/emulators/dataconnect-emulator-3.4.16","args":["--logtostderr","-v=2","dev","--listen=localhost:50001","--config_dir=/home/luis/projects/luiskr.com-V3/dataconnect","--enable_output_schema_extensions=true","--enable_output_generated_sdk=true"],"optionalArgs":["listen","config_dir","enable_output_schema_extensions","enable_output_generated_sdk"],"joinArgs":true,"shell":false,"port":9399} {"metadata":{"emulator":{"name":"dataconnect"},"message":"Starting SQL Connect Emulator with command {\"binary\":\"/home/luis/.cache/firebase/emulators/dataconnect-emulator-3.4.16\",\"args\":[\"--logtostderr\",\"-v=2\",\"dev\",\"--listen=localhost:50001\",\"--config_dir=/home/luis/projects/luiskr.com-V3/dataconnect\",\"--enable_output_schema_extensions=true\",\"--enable_output_generated_sdk=true\"],\"optionalArgs\":[\"listen\",\"config_dir\",\"enable_output_schema_extensions\",\"enable_output_generated_sdk\"],\"joinArgs\":true,\"shell\":false,\"port\":9399}"}}
[info] i  dataconnect: SQL Connect Emulator logging to dataconnect-debug.log {"metadata":{"emulator":{"name":"dataconnect"},"message":"SQL Connect Emulator logging to dataconnect-debug.log"}}
[debug] [2026-08-07T20:50:14.017Z] E0807 17:50:14.017583    5910 dev.go:80] Failed to load initial config from "/home/luis/projects/luiskr.com-V3/dataconnect": could not find dataconnect.yaml in `/home/luis/projects/luiskr.com-V3/dataconnect`
 {"metadata":{"emulator":{"name":"dataconnect"},"message":"E0807 17:50:14.017583    5910 dev.go:80] Failed to load initial config from \"/home/luis/projects/luiskr.com-V3/dataconnect\": could not find dataconnect.yaml in `/home/luis/projects/luiskr.com-V3/dataconnect`\n"}}
[debug] [2026-08-07T20:50:14.018Z] E0807 17:50:14.017802    5910 watch.go:116] watchAllDir unable to walk dir `/home/luis/projects/luiskr.com-V3/dataconnect`: lstat /home/luis/projects/luiskr.com-V3/dataconnect: no such file or directory
 {"metadata":{"emulator":{"name":"dataconnect"},"message":"E0807 17:50:14.017802    5910 watch.go:116] watchAllDir unable to walk dir `/home/luis/projects/luiskr.com-V3/dataconnect`: lstat /home/luis/projects/luiskr.com-V3/dataconnect: no such file or directory\n"}}
[debug] [2026-08-07T20:50:14.020Z] I0807 17:50:14.020596    5910 dev.go:101] Listening on address (HTTP + gRPC): 127.0.0.1:50001
 {"metadata":{"emulator":{"name":"dataconnect"},"message":"I0807 17:50:14.020596    5910 dev.go:101] Listening on address (HTTP + gRPC): 127.0.0.1:50001\n"}}
[error] [Firebase Plugin] error:  {}
[debug] [2026-08-07T20:50:24.023Z] E0807 17:50:24.023049    5910 watch.go:40] Failed to load config from "/home/luis/projects/luiskr.com-V3/dataconnect": could not find dataconnect.yaml in `/home/luis/projects/luiskr.com-V3/dataconnect`
 {"metadata":{"emulator":{"name":"dataconnect"},"message":"E0807 17:50:24.023049    5910 watch.go:40] Failed to load config from \"/home/luis/projects/luiskr.com-V3/dataconnect\": could not find dataconnect.yaml in `/home/luis/projects/luiskr.com-V3/dataconnect`\n"}}
[debug] [2026-08-07T20:50:34.027Z] E0807 17:50:34.027633    5910 watch.go:40] Failed to load config from "/home/luis/projects/luiskr.com-V3/dataconnect": could not find dataconnect.yaml in `/home/luis/projects/luiskr.com-V3/dataconnect`
 {"metadata":{"emulator":{"name":"dataconnect"},"message":"E0807 17:50:34.027633    5910 watch.go:40] Failed to load config from \"/home/luis/projects/luiskr.com-V3/dataconnect\": could not find dataconnect.yaml in `/home/luis/projects/luiskr.com-V3/dataconnect`\n"}}
[debug] [2026-08-07T20:50:44.019Z] E0807 17:50:44.018988    5910 watch.go:40] Failed to load config from "/home/luis/projects/luiskr.com-V3/dataconnect": could not find dataconnect.yaml in `/home/luis/projects/luiskr.com-V3/dataconnect`
 {"metadata":{"emulator":{"name":"dataconnect"},"message":"E0807 17:50:44.018988    5910 watch.go:40] Failed to load config from \"/home/luis/projects/luiskr.com-V3/dataconnect\": could not find dataconnect.yaml in `/home/luis/projects/luiskr.com-V3/dataconnect`\n"}}
[debug] [2026-08-07T20:50:54.027Z] E0807 17:50:54.027044    5910 watch.go:40] Failed to load config from "/home/luis/projects/luiskr.com-V3/dataconnect": could not find dataconnect.yaml in `/home/luis/projects/luiskr.com-V3/dataconnect`
 {"metadata":{"emulator":{"name":"dataconnect"},"message":"E0807 17:50:54.027044    5910 watch.go:40] Failed to load config from \"/home/luis/projects/luiskr.com-V3/dataconnect\": could not find dataconnect.yaml in `/home/luis/projects/luiskr.com-V3/dataconnect`\n"}}
[debug] [2026-08-07T20:51:04.027Z] E0807 17:51:04.027613    5910 watch.go:40] Failed to load config from "/home/luis/projects/luiskr.com-V3/dataconnect": could not find dataconnect.yaml in `/home/luis/projects/luiskr.com-V3/dataconnect`
 {"metadata":{"emulator":{"name":"dataconnect"},"message":"E0807 17:51:04.027613    5910 watch.go:40] Failed to load config from \"/home/luis/projects/luiskr.com-V3/dataconnect\": could not find dataconnect.yaml in `/home/luis/projects/luiskr.com-V3/dataconnect`\n"}}
[debug] [2026-08-07T20:51:14.018Z] E0807 17:51:14.018515    5910 watch.go:116] watchAllDir unable to walk dir `/home/luis/projects/luiskr.com-V3/dataconnect`: lstat /home/luis/projects/luiskr.com-V3/dataconnect: no such file or directory
E0807 17:51:14.018666    5910 watch.go:40] Failed to load config from "/home/luis/projects/luiskr.com-V3/dataconnect": could not find dataconnect.yaml in `/home/luis/projects/luiskr.com-V3/dataconnect`
 {"metadata":{"emulator":{"name":"dataconnect"},"message":"E0807 17:51:14.018515    5910 watch.go:116] watchAllDir unable to walk dir `/home/luis/projects/luiskr.com-V3/dataconnect`: lstat /home/luis/projects/luiskr.com-V3/dataconnect: no such file or directory\nE0807 17:51:14.018666    5910 watch.go:40] Failed to load config from \"/home/luis/projects/luiskr.com-V3/dataconnect\": could not find dataconnect.yaml in `/home/luis/projects/luiskr.com-V3/dataconnect`\n"}}
[debug] [2026-08-07T20:51:24.028Z] E0807 17:51:24.028063    5910 watch.go:40] Failed to load config from "/home/luis/projects/luiskr.com-V3/dataconnect": could not find dataconnect.yaml in `/home/luis/projects/luiskr.com-V3/dataconnect`
 {"metadata":{"emulator":{"name":"dataconnect"},"message":"E0807 17:51:24.028063    5910 watch.go:40] Failed to load config from \"/home/luis/projects/luiskr.com-V3/dataconnect\": could not find dataconnect.yaml in `/home/luis/projects/luiskr.com-V3/dataconnect`\n"}}
[debug] [2026-08-07T20:51:34.028Z] E0807 17:51:34.027983    5910 watch.go:40] Failed to load config from "/home/luis/projects/luiskr.com-V3/dataconnect": could not find dataconnect.yaml in `/home/luis/projects/luiskr.com-V3/dataconnect`
 {"metadata":{"emulator":{"name":"dataconnect"},"message":"E0807 17:51:34.027983    5910 watch.go:40] Failed to load config from \"/home/luis/projects/luiskr.com-V3/dataconnect\": could not find dataconnect.yaml in `/home/luis/projects/luiskr.com-V3/dataconnect`\n"}}
[debug] [2026-08-07T20:51:44.018Z] E0807 17:51:44.018062    5910 watch.go:40] Failed to load config from "/home/luis/projects/luiskr.com-V3/dataconnect": could not find dataconnect.yaml in `/home/luis/projects/luiskr.com-V3/dataconnect`
 {"metadata":{"emulator":{"name":"dataconnect"},"message":"E0807 17:51:44.018062    5910 watch.go:40] Failed to load config from \"/home/luis/projects/luiskr.com-V3/dataconnect\": could not find dataconnect.yaml in `/home/luis/projects/luiskr.com-V3/dataconnect`\n"}}
[debug] [2026-08-07T20:51:54.025Z] E0807 17:51:54.025693    5910 watch.go:40] Failed to load config from "/home/luis/projects/luiskr.com-V3/dataconnect": could not find dataconnect.yaml in `/home/luis/projects/luiskr.com-V3/dataconnect`
 {"metadata":{"emulator":{"name":"dataconnect"},"message":"E0807 17:51:54.025693    5910 watch.go:40] Failed to load config from \"/home/luis/projects/luiskr.com-V3/dataconnect\": could not find dataconnect.yaml in `/home/luis/projects/luiskr.com-V3/dataconnect`\n"}}
[debug] [2026-08-07T20:52:04.028Z] E0807 17:52:04.027684    5910 watch.go:40] Failed to load config from "/home/luis/projects/luiskr.com-V3/dataconnect": could not find dataconnect.yaml in `/home/luis/projects/luiskr.com-V3/dataconnect`
 {"metadata":{"emulator":{"name":"dataconnect"},"message":"E0807 17:52:04.027684    5910 watch.go:40] Failed to load config from \"/home/luis/projects/luiskr.com-V3/dataconnect\": could not find dataconnect.yaml in `/home/luis/projects/luiskr.com-V3/dataconnect`\n"}}
[debug] [2026-08-07T20:52:14.020Z] E0807 17:52:14.018912    5910 watch.go:116] watchAllDir unable to walk dir `/home/luis/projects/luiskr.com-V3/dataconnect`: lstat /home/luis/projects/luiskr.com-V3/dataconnect: no such file or directory
 {"metadata":{"emulator":{"name":"dataconnect"},"message":"E0807 17:52:14.018912    5910 watch.go:116] watchAllDir unable to walk dir `/home/luis/projects/luiskr.com-V3/dataconnect`: lstat /home/luis/projects/luiskr.com-V3/dataconnect: no such file or directory\n"}}
[debug] [2026-08-07T20:52:14.020Z] E0807 17:52:14.020153    5910 watch.go:40] Failed to load config from "/home/luis/projects/luiskr.com-V3/dataconnect": could not find dataconnect.yaml in `/home/luis/projects/luiskr.com-V3/dataconnect`
 {"metadata":{"emulator":{"name":"dataconnect"},"message":"E0807 17:52:14.020153    5910 watch.go:40] Failed to load config from \"/home/luis/projects/luiskr.com-V3/dataconnect\": could not find dataconnect.yaml in `/home/luis/projects/luiskr.com-V3/dataconnect`\n"}}
[debug] [2026-08-07T20:52:24.018Z] E0807 17:52:24.018051    5910 watch.go:40] Failed to load config from "/home/luis/projects/luiskr.com-V3/dataconnect": could not find dataconnect.yaml in `/home/luis/projects/luiskr.com-V3/dataconnect`
 {"metadata":{"emulator":{"name":"dataconnect"},"message":"E0807 17:52:24.018051    5910 watch.go:40] Failed to load config from \"/home/luis/projects/luiskr.com-V3/dataconnect\": could not find dataconnect.yaml in `/home/luis/projects/luiskr.com-V3/dataconnect`\n"}}
[debug] [2026-08-07T20:52:34.025Z] E0807 17:52:34.025510    5910 watch.go:40] Failed to load config from "/home/luis/projects/luiskr.com-V3/dataconnect": could not find dataconnect.yaml in `/home/luis/projects/luiskr.com-V3/dataconnect`
 {"metadata":{"emulator":{"name":"dataconnect"},"message":"E0807 17:52:34.025510    5910 watch.go:40] Failed to load config from \"/home/luis/projects/luiskr.com-V3/dataconnect\": could not find dataconnect.yaml in `/home/luis/projects/luiskr.com-V3/dataconnect`\n"}}
[debug] [2026-08-07T20:52:44.018Z] E0807 17:52:44.018716    5910 watch.go:40] Failed to load config from "/home/luis/projects/luiskr.com-V3/dataconnect": could not find dataconnect.yaml in `/home/luis/projects/luiskr.com-V3/dataconnect`
 {"metadata":{"emulator":{"name":"dataconnect"},"message":"E0807 17:52:44.018716    5910 watch.go:40] Failed to load config from \"/home/luis/projects/luiskr.com-V3/dataconnect\": could not find dataconnect.yaml in `/home/luis/projects/luiskr.com-V3/dataconnect`\n"}}
[debug] [2026-08-07T20:52:54.028Z] E0807 17:52:54.027890    5910 watch.go:40] Failed to load config from "/home/luis/projects/luiskr.com-V3/dataconnect": could not find dataconnect.yaml in `/home/luis/projects/luiskr.com-V3/dataconnect`
 {"metadata":{"emulator":{"name":"dataconnect"},"message":"E0807 17:52:54.027890    5910 watch.go:40] Failed to load config from \"/home/luis/projects/luiskr.com-V3/dataconnect\": could not find dataconnect.yaml in `/home/luis/projects/luiskr.com-V3/dataconnect`\n"}}
[debug] [2026-08-07T20:53:04.027Z] E0807 17:53:04.027036    5910 watch.go:40] Failed to load config from "/home/luis/projects/luiskr.com-V3/dataconnect": could not find dataconnect.yaml in `/home/luis/projects/luiskr.com-V3/dataconnect`
 {"metadata":{"emulator":{"name":"dataconnect"},"message":"E0807 17:53:04.027036    5910 watch.go:40] Failed to load config from \"/home/luis/projects/luiskr.com-V3/dataconnect\": could not find dataconnect.yaml in `/home/luis/projects/luiskr.com-V3/dataconnect`\n"}}
[debug] [2026-08-07T20:53:14.018Z] E0807 17:53:14.018633    5910 watch.go:116] watchAllDir unable to walk dir `/home/luis/projects/luiskr.com-V3/dataconnect`: lstat /home/luis/projects/luiskr.com-V3/dataconnect: no such file or directory
E0807 17:53:14.018683    5910 watch.go:40] Failed to load config from "/home/luis/projects/luiskr.com-V3/dataconnect": could not find dataconnect.yaml in `/home/luis/projects/luiskr.com-V3/dataconnect`
 {"metadata":{"emulator":{"name":"dataconnect"},"message":"E0807 17:53:14.018633    5910 watch.go:116] watchAllDir unable to walk dir `/home/luis/projects/luiskr.com-V3/dataconnect`: lstat /home/luis/projects/luiskr.com-V3/dataconnect: no such file or directory\nE0807 17:53:14.018683    5910 watch.go:40] Failed to load config from \"/home/luis/projects/luiskr.com-V3/dataconnect\": could not find dataconnect.yaml in `/home/luis/projects/luiskr.com-V3/dataconnect`\n"}}
[debug] [2026-08-07T20:53:24.028Z] E0807 17:53:24.027882    5910 watch.go:40] Failed to load config from "/home/luis/projects/luiskr.com-V3/dataconnect": could not find dataconnect.yaml in `/home/luis/projects/luiskr.com-V3/dataconnect`
 {"metadata":{"emulator":{"name":"dataconnect"},"message":"E0807 17:53:24.027882    5910 watch.go:40] Failed to load config from \"/home/luis/projects/luiskr.com-V3/dataconnect\": could not find dataconnect.yaml in `/home/luis/projects/luiskr.com-V3/dataconnect`\n"}}
[debug] [2026-08-07T20:53:34.025Z] E0807 17:53:34.025544    5910 watch.go:40] Failed to load config from "/home/luis/projects/luiskr.com-V3/dataconnect": could not find dataconnect.yaml in `/home/luis/projects/luiskr.com-V3/dataconnect`
 {"metadata":{"emulator":{"name":"dataconnect"},"message":"E0807 17:53:34.025544    5910 watch.go:40] Failed to load config from \"/home/luis/projects/luiskr.com-V3/dataconnect\": could not find dataconnect.yaml in `/home/luis/projects/luiskr.com-V3/dataconnect`\n"}}
[debug] [2026-08-07T20:53:44.018Z] E0807 17:53:44.018765    5910 watch.go:40] Failed to load config from "/home/luis/projects/luiskr.com-V3/dataconnect": could not find dataconnect.yaml in `/home/luis/projects/luiskr.com-V3/dataconnect`
 {"metadata":{"emulator":{"name":"dataconnect"},"message":"E0807 17:53:44.018765    5910 watch.go:40] Failed to load config from \"/home/luis/projects/luiskr.com-V3/dataconnect\": could not find dataconnect.yaml in `/home/luis/projects/luiskr.com-V3/dataconnect`\n"}}
[debug] [2026-08-07T20:53:54.044Z] E0807 17:53:54.025604    5910 watch.go:40] Failed to load config from "/home/luis/projects/luiskr.com-V3/dataconnect": could not find dataconnect.yaml in `/home/luis/projects/luiskr.com-V3/dataconnect`
 {"metadata":{"emulator":{"name":"dataconnect"},"message":"E0807 17:53:54.025604    5910 watch.go:40] Failed to load config from \"/home/luis/projects/luiskr.com-V3/dataconnect\": could not find dataconnect.yaml in `/home/luis/projects/luiskr.com-V3/dataconnect`\n"}}
[debug] [2026-08-07T20:54:04.027Z] E0807 17:54:04.027763    5910 watch.go:40] Failed to load config from "/home/luis/projects/luiskr.com-V3/dataconnect": could not find dataconnect.yaml in `/home/luis/projects/luiskr.com-V3/dataconnect`
 {"metadata":{"emulator":{"name":"dataconnect"},"message":"E0807 17:54:04.027763    5910 watch.go:40] Failed to load config from \"/home/luis/projects/luiskr.com-V3/dataconnect\": could not find dataconnect.yaml in `/home/luis/projects/luiskr.com-V3/dataconnect`\n"}}
[debug] [2026-08-07T20:54:14.019Z] E0807 17:54:14.018954    5910 watch.go:116] watchAllDir unable to walk dir `/home/luis/projects/luiskr.com-V3/dataconnect`: lstat /home/luis/projects/luiskr.com-V3/dataconnect: no such file or directory
E0807 17:54:14.019006    5910 watch.go:40] Failed to load config from "/home/luis/projects/luiskr.com-V3/dataconnect": could not find dataconnect.yaml in `/home/luis/projects/luiskr.com-V3/dataconnect`
 {"metadata":{"emulator":{"name":"dataconnect"},"message":"E0807 17:54:14.018954    5910 watch.go:116] watchAllDir unable to walk dir `/home/luis/projects/luiskr.com-V3/dataconnect`: lstat /home/luis/projects/luiskr.com-V3/dataconnect: no such file or directory\nE0807 17:54:14.019006    5910 watch.go:40] Failed to load config from \"/home/luis/projects/luiskr.com-V3/dataconnect\": could not find dataconnect.yaml in `/home/luis/projects/luiskr.com-V3/dataconnect`\n"}}
[debug] [2026-08-07T20:54:24.019Z] E0807 17:54:24.018918    5910 watch.go:40] Failed to load config from "/home/luis/projects/luiskr.com-V3/dataconnect": could not find dataconnect.yaml in `/home/luis/projects/luiskr.com-V3/dataconnect`
 {"metadata":{"emulator":{"name":"dataconnect"},"message":"E0807 17:54:24.018918    5910 watch.go:40] Failed to load config from \"/home/luis/projects/luiskr.com-V3/dataconnect\": could not find dataconnect.yaml in `/home/luis/projects/luiskr.com-V3/dataconnect`\n"}}
[debug] [2026-08-07T20:54:34.018Z] E0807 17:54:34.018253    5910 watch.go:40] Failed to load config from "/home/luis/projects/luiskr.com-V3/dataconnect": could not find dataconnect.yaml in `/home/luis/projects/luiskr.com-V3/dataconnect`
 {"metadata":{"emulator":{"name":"dataconnect"},"message":"E0807 17:54:34.018253    5910 watch.go:40] Failed to load config from \"/home/luis/projects/luiskr.com-V3/dataconnect\": could not find dataconnect.yaml in `/home/luis/projects/luiskr.com-V3/dataconnect`\n"}}
[debug] [2026-08-07T20:54:44.018Z] E0807 17:54:44.018744    5910 watch.go:40] Failed to load config from "/home/luis/projects/luiskr.com-V3/dataconnect": could not find dataconnect.yaml in `/home/luis/projects/luiskr.com-V3/dataconnect`
 {"metadata":{"emulator":{"name":"dataconnect"},"message":"E0807 17:54:44.018744    5910 watch.go:40] Failed to load config from \"/home/luis/projects/luiskr.com-V3/dataconnect\": could not find dataconnect.yaml in `/home/luis/projects/luiskr.com-V3/dataconnect`\n"}}
[debug] [2026-08-07T20:54:54.028Z] E0807 17:54:54.027953    5910 watch.go:40] Failed to load config from "/home/luis/projects/luiskr.com-V3/dataconnect": could not find dataconnect.yaml in `/home/luis/projects/luiskr.com-V3/dataconnect`
 {"metadata":{"emulator":{"name":"dataconnect"},"message":"E0807 17:54:54.027953    5910 watch.go:40] Failed to load config from \"/home/luis/projects/luiskr.com-V3/dataconnect\": could not find dataconnect.yaml in `/home/luis/projects/luiskr.com-V3/dataconnect`\n"}}
[debug] [2026-08-07T20:55:04.027Z] E0807 17:55:04.027222    5910 watch.go:40] Failed to load config from "/home/luis/projects/luiskr.com-V3/dataconnect": could not find dataconnect.yaml in `/home/luis/projects/luiskr.com-V3/dataconnect`
 {"metadata":{"emulator":{"name":"dataconnect"},"message":"E0807 17:55:04.027222    5910 watch.go:40] Failed to load config from \"/home/luis/projects/luiskr.com-V3/dataconnect\": could not find dataconnect.yaml in `/home/luis/projects/luiskr.com-V3/dataconnect`\n"}}
[debug] [2026-08-07T20:55:14.018Z] E0807 17:55:14.018763    5910 watch.go:40] Failed to load config from "/home/luis/projects/luiskr.com-V3/dataconnect": could not find dataconnect.yaml in `/home/luis/projects/luiskr.com-V3/dataconnect`
 {"metadata":{"emulator":{"name":"dataconnect"},"message":"E0807 17:55:14.018763    5910 watch.go:40] Failed to load config from \"/home/luis/projects/luiskr.com-V3/dataconnect\": could not find dataconnect.yaml in `/home/luis/projects/luiskr.com-V3/dataconnect`\n"}}
[debug] [2026-08-07T20:55:14.019Z] E0807 17:55:14.018662    5910 watch.go:116] watchAllDir unable to walk dir `/home/luis/projects/luiskr.com-V3/dataconnect`: lstat /home/luis/projects/luiskr.com-V3/dataconnect: no such file or directory
 {"metadata":{"emulator":{"name":"dataconnect"},"message":"E0807 17:55:14.018662    5910 watch.go:116] watchAllDir unable to walk dir `/home/luis/projects/luiskr.com-V3/dataconnect`: lstat /home/luis/projects/luiskr.com-V3/dataconnect: no such file or directory\n"}}
[debug] [2026-08-07T20:55:24.028Z] E0807 17:55:24.027882    5910 watch.go:40] Failed to load config from "/home/luis/projects/luiskr.com-V3/dataconnect": could not find dataconnect.yaml in `/home/luis/projects/luiskr.com-V3/dataconnect`
 {"metadata":{"emulator":{"name":"dataconnect"},"message":"E0807 17:55:24.027882    5910 watch.go:40] Failed to load config from \"/home/luis/projects/luiskr.com-V3/dataconnect\": could not find dataconnect.yaml in `/home/luis/projects/luiskr.com-V3/dataconnect`\n"}}
[debug] [2026-08-07T20:55:34.027Z] E0807 17:55:34.026971    5910 watch.go:40] Failed to load config from "/home/luis/projects/luiskr.com-V3/dataconnect": could not find dataconnect.yaml in `/home/luis/projects/luiskr.com-V3/dataconnect`
 {"metadata":{"emulator":{"name":"dataconnect"},"message":"E0807 17:55:34.026971    5910 watch.go:40] Failed to load config from \"/home/luis/projects/luiskr.com-V3/dataconnect\": could not find dataconnect.yaml in `/home/luis/projects/luiskr.com-V3/dataconnect`\n"}}
[debug] [2026-08-07T20:55:44.018Z] E0807 17:55:44.018206    5910 watch.go:40] Failed to load config from "/home/luis/projects/luiskr.com-V3/dataconnect": could not find dataconnect.yaml in `/home/luis/projects/luiskr.com-V3/dataconnect`
 {"metadata":{"emulator":{"name":"dataconnect"},"message":"E0807 17:55:44.018206    5910 watch.go:40] Failed to load config from \"/home/luis/projects/luiskr.com-V3/dataconnect\": could not find dataconnect.yaml in `/home/luis/projects/luiskr.com-V3/dataconnect`\n"}}
[debug] [2026-08-07T20:55:54.027Z] E0807 17:55:54.027357    5910 watch.go:40] Failed to load config from "/home/luis/projects/luiskr.com-V3/dataconnect": could not find dataconnect.yaml in `/home/luis/projects/luiskr.com-V3/dataconnect`
 {"metadata":{"emulator":{"name":"dataconnect"},"message":"E0807 17:55:54.027357    5910 watch.go:40] Failed to load config from \"/home/luis/projects/luiskr.com-V3/dataconnect\": could not find dataconnect.yaml in `/home/luis/projects/luiskr.com-V3/dataconnect`\n"}}
[debug] [2026-08-07T20:56:04.027Z] E0807 17:56:04.027487    5910 watch.go:40] Failed to load config from "/home/luis/projects/luiskr.com-V3/dataconnect": could not find dataconnect.yaml in `/home/luis/projects/luiskr.com-V3/dataconnect`
 {"metadata":{"emulator":{"name":"dataconnect"},"message":"E0807 17:56:04.027487    5910 watch.go:40] Failed to load config from \"/home/luis/projects/luiskr.com-V3/dataconnect\": could not find dataconnect.yaml in `/home/luis/projects/luiskr.com-V3/dataconnect`\n"}}
[debug] [2026-08-07T20:56:14.018Z] E0807 17:56:14.018614    5910 watch.go:116] watchAllDir unable to walk dir `/home/luis/projects/luiskr.com-V3/dataconnect`: lstat /home/luis/projects/luiskr.com-V3/dataconnect: no such file or directory
E0807 17:56:14.018662    5910 watch.go:40] Failed to load config from "/home/luis/projects/luiskr.com-V3/dataconnect": could not find dataconnect.yaml in `/home/luis/projects/luiskr.com-V3/dataconnect`
 {"metadata":{"emulator":{"name":"dataconnect"},"message":"E0807 17:56:14.018614    5910 watch.go:116] watchAllDir unable to walk dir `/home/luis/projects/luiskr.com-V3/dataconnect`: lstat /home/luis/projects/luiskr.com-V3/dataconnect: no such file or directory\nE0807 17:56:14.018662    5910 watch.go:40] Failed to load config from \"/home/luis/projects/luiskr.com-V3/dataconnect\": could not find dataconnect.yaml in `/home/luis/projects/luiskr.com-V3/dataconnect`\n"}}
[debug] [2026-08-07T20:56:24.028Z] E0807 17:56:24.027948    5910 watch.go:40] Failed to load config from "/home/luis/projects/luiskr.com-V3/dataconnect": could not find dataconnect.yaml in `/home/luis/projects/luiskr.com-V3/dataconnect`
 {"metadata":{"emulator":{"name":"dataconnect"},"message":"E0807 17:56:24.027948    5910 watch.go:40] Failed to load config from \"/home/luis/projects/luiskr.com-V3/dataconnect\": could not find dataconnect.yaml in `/home/luis/projects/luiskr.com-V3/dataconnect`\n"}}
[debug] [2026-08-07T20:56:34.019Z] E0807 17:56:34.018838    5910 watch.go:40] Failed to load config from "/home/luis/projects/luiskr.com-V3/dataconnect": could not find dataconnect.yaml in `/home/luis/projects/luiskr.com-V3/dataconnect`
 {"metadata":{"emulator":{"name":"dataconnect"},"message":"E0807 17:56:34.018838    5910 watch.go:40] Failed to load config from \"/home/luis/projects/luiskr.com-V3/dataconnect\": could not find dataconnect.yaml in `/home/luis/projects/luiskr.com-V3/dataconnect`\n"}}
[debug] [2026-08-07T20:56:44.018Z] E0807 17:56:44.018592    5910 watch.go:40] Failed to load config from "/home/luis/projects/luiskr.com-V3/dataconnect": could not find dataconnect.yaml in `/home/luis/projects/luiskr.com-V3/dataconnect`
 {"metadata":{"emulator":{"name":"dataconnect"},"message":"E0807 17:56:44.018592    5910 watch.go:40] Failed to load config from \"/home/luis/projects/luiskr.com-V3/dataconnect\": could not find dataconnect.yaml in `/home/luis/projects/luiskr.com-V3/dataconnect`\n"}}
[debug] [2026-08-07T20:56:54.027Z] E0807 17:56:54.027701    5910 watch.go:40] Failed to load config from "/home/luis/projects/luiskr.com-V3/dataconnect": could not find dataconnect.yaml in `/home/luis/projects/luiskr.com-V3/dataconnect`
 {"metadata":{"emulator":{"name":"dataconnect"},"message":"E0807 17:56:54.027701    5910 watch.go:40] Failed to load config from \"/home/luis/projects/luiskr.com-V3/dataconnect\": could not find dataconnect.yaml in `/home/luis/projects/luiskr.com-V3/dataconnect`\n"}}
[debug] [2026-08-07T20:57:04.027Z] E0807 17:57:04.027429    5910 watch.go:40] Failed to load config from "/home/luis/projects/luiskr.com-V3/dataconnect": could not find dataconnect.yaml in `/home/luis/projects/luiskr.com-V3/dataconnect`
 {"metadata":{"emulator":{"name":"dataconnect"},"message":"E0807 17:57:04.027429    5910 watch.go:40] Failed to load config from \"/home/luis/projects/luiskr.com-V3/dataconnect\": could not find dataconnect.yaml in `/home/luis/projects/luiskr.com-V3/dataconnect`\n"}}
[debug] [2026-08-07T20:57:14.018Z] E0807 17:57:14.018517    5910 watch.go:116] watchAllDir unable to walk dir `/home/luis/projects/luiskr.com-V3/dataconnect`: lstat /home/luis/projects/luiskr.com-V3/dataconnect: no such file or directory
E0807 17:57:14.018602    5910 watch.go:40] Failed to load config from "/home/luis/projects/luiskr.com-V3/dataconnect": could not find dataconnect.yaml in `/home/luis/projects/luiskr.com-V3/dataconnect`
 {"metadata":{"emulator":{"name":"dataconnect"},"message":"E0807 17:57:14.018517    5910 watch.go:116] watchAllDir unable to walk dir `/home/luis/projects/luiskr.com-V3/dataconnect`: lstat /home/luis/projects/luiskr.com-V3/dataconnect: no such file or directory\nE0807 17:57:14.018602    5910 watch.go:40] Failed to load config from \"/home/luis/projects/luiskr.com-V3/dataconnect\": could not find dataconnect.yaml in `/home/luis/projects/luiskr.com-V3/dataconnect`\n"}}
[debug] [2026-08-07T20:57:24.039Z] E0807 17:57:24.025676    5910 watch.go:40] Failed to load config from "/home/luis/projects/luiskr.com-V3/dataconnect": could not find dataconnect.yaml in `/home/luis/projects/luiskr.com-V3/dataconnect`
 {"metadata":{"emulator":{"name":"dataconnect"},"message":"E0807 17:57:24.025676    5910 watch.go:40] Failed to load config from \"/home/luis/projects/luiskr.com-V3/dataconnect\": could not find dataconnect.yaml in `/home/luis/projects/luiskr.com-V3/dataconnect`\n"}}
[debug] [2026-08-07T20:57:34.027Z] E0807 17:57:34.027682    5910 watch.go:40] Failed to load config from "/home/luis/projects/luiskr.com-V3/dataconnect": could not find dataconnect.yaml in `/home/luis/projects/luiskr.com-V3/dataconnect`
 {"metadata":{"emulator":{"name":"dataconnect"},"message":"E0807 17:57:34.027682    5910 watch.go:40] Failed to load config from \"/home/luis/projects/luiskr.com-V3/dataconnect\": could not find dataconnect.yaml in `/home/luis/projects/luiskr.com-V3/dataconnect`\n"}}
[debug] [2026-08-07T20:57:44.019Z] E0807 17:57:44.018985    5910 watch.go:40] Failed to load config from "/home/luis/projects/luiskr.com-V3/dataconnect": could not find dataconnect.yaml in `/home/luis/projects/luiskr.com-V3/dataconnect`
 {"metadata":{"emulator":{"name":"dataconnect"},"message":"E0807 17:57:44.018985    5910 watch.go:40] Failed to load config from \"/home/luis/projects/luiskr.com-V3/dataconnect\": could not find dataconnect.yaml in `/home/luis/projects/luiskr.com-V3/dataconnect`\n"}}
[debug] [2026-08-07T20:57:54.027Z] E0807 17:57:54.027037    5910 watch.go:40] Failed to load config from "/home/luis/projects/luiskr.com-V3/dataconnect": could not find dataconnect.yaml in `/home/luis/projects/luiskr.com-V3/dataconnect`
 {"metadata":{"emulator":{"name":"dataconnect"},"message":"E0807 17:57:54.027037    5910 watch.go:40] Failed to load config from \"/home/luis/projects/luiskr.com-V3/dataconnect\": could not find dataconnect.yaml in `/home/luis/projects/luiskr.com-V3/dataconnect`\n"}}
[debug] [2026-08-07T20:58:04.027Z] E0807 17:58:04.027278    5910 watch.go:40] Failed to load config from "/home/luis/projects/luiskr.com-V3/dataconnect": could not find dataconnect.yaml in `/home/luis/projects/luiskr.com-V3/dataconnect`
 {"metadata":{"emulator":{"name":"dataconnect"},"message":"E0807 17:58:04.027278    5910 watch.go:40] Failed to load config from \"/home/luis/projects/luiskr.com-V3/dataconnect\": could not find dataconnect.yaml in `/home/luis/projects/luiskr.com-V3/dataconnect`\n"}}
[debug] [2026-08-07T20:58:14.018Z] E0807 17:58:14.018248    5910 watch.go:116] watchAllDir unable to walk dir `/home/luis/projects/luiskr.com-V3/dataconnect`: lstat /home/luis/projects/luiskr.com-V3/dataconnect: no such file or directory
E0807 17:58:14.018355    5910 watch.go:40] Failed to load config from "/home/luis/projects/luiskr.com-V3/dataconnect": could not find dataconnect.yaml in `/home/luis/projects/luiskr.com-V3/dataconnect`
 {"metadata":{"emulator":{"name":"dataconnect"},"message":"E0807 17:58:14.018248    5910 watch.go:116] watchAllDir unable to walk dir `/home/luis/projects/luiskr.com-V3/dataconnect`: lstat /home/luis/projects/luiskr.com-V3/dataconnect: no such file or directory\nE0807 17:58:14.018355    5910 watch.go:40] Failed to load config from \"/home/luis/projects/luiskr.com-V3/dataconnect\": could not find dataconnect.yaml in `/home/luis/projects/luiskr.com-V3/dataconnect`\n"}}
[debug] [2026-08-07T20:58:24.027Z] E0807 17:58:24.027544    5910 watch.go:40] Failed to load config from "/home/luis/projects/luiskr.com-V3/dataconnect": could not find dataconnect.yaml in `/home/luis/projects/luiskr.com-V3/dataconnect`
 {"metadata":{"emulator":{"name":"dataconnect"},"message":"E0807 17:58:24.027544    5910 watch.go:40] Failed to load config from \"/home/luis/projects/luiskr.com-V3/dataconnect\": could not find dataconnect.yaml in `/home/luis/projects/luiskr.com-V3/dataconnect`\n"}}
[debug] [2026-08-07T20:58:34.028Z] E0807 17:58:34.027690    5910 watch.go:40] Failed to load config from "/home/luis/projects/luiskr.com-V3/dataconnect": could not find dataconnect.yaml in `/home/luis/projects/luiskr.com-V3/dataconnect`
 {"metadata":{"emulator":{"name":"dataconnect"},"message":"E0807 17:58:34.027690    5910 watch.go:40] Failed to load config from \"/home/luis/projects/luiskr.com-V3/dataconnect\": could not find dataconnect.yaml in `/home/luis/projects/luiskr.com-V3/dataconnect`\n"}}
[debug] [2026-08-07T20:58:44.018Z] E0807 17:58:44.018785    5910 watch.go:40] Failed to load config from "/home/luis/projects/luiskr.com-V3/dataconnect": could not find dataconnect.yaml in `/home/luis/projects/luiskr.com-V3/dataconnect`
 {"metadata":{"emulator":{"name":"dataconnect"},"message":"E0807 17:58:44.018785    5910 watch.go:40] Failed to load config from \"/home/luis/projects/luiskr.com-V3/dataconnect\": could not find dataconnect.yaml in `/home/luis/projects/luiskr.com-V3/dataconnect`\n"}}
[debug] [2026-08-07T20:58:54.018Z] E0807 17:58:54.018119    5910 watch.go:40] Failed to load config from "/home/luis/projects/luiskr.com-V3/dataconnect": could not find dataconnect.yaml in `/home/luis/projects/luiskr.com-V3/dataconnect`
 {"metadata":{"emulator":{"name":"dataconnect"},"message":"E0807 17:58:54.018119    5910 watch.go:40] Failed to load config from \"/home/luis/projects/luiskr.com-V3/dataconnect\": could not find dataconnect.yaml in `/home/luis/projects/luiskr.com-V3/dataconnect`\n"}}
[debug] [2026-08-07T20:59:04.027Z] E0807 17:59:04.026958    5910 watch.go:40] Failed to load config from "/home/luis/projects/luiskr.com-V3/dataconnect": could not find dataconnect.yaml in `/home/luis/projects/luiskr.com-V3/dataconnect`
 {"metadata":{"emulator":{"name":"dataconnect"},"message":"E0807 17:59:04.026958    5910 watch.go:40] Failed to load config from \"/home/luis/projects/luiskr.com-V3/dataconnect\": could not find dataconnect.yaml in `/home/luis/projects/luiskr.com-V3/dataconnect`\n"}}
[debug] [2026-08-07T20:59:14.018Z] E0807 17:59:14.018147    5910 watch.go:116] watchAllDir unable to walk dir `/home/luis/projects/luiskr.com-V3/dataconnect`: lstat /home/luis/projects/luiskr.com-V3/dataconnect: no such file or directory
E0807 17:59:14.018231    5910 watch.go:40] Failed to load config from "/home/luis/projects/luiskr.com-V3/dataconnect": could not find dataconnect.yaml in `/home/luis/projects/luiskr.com-V3/dataconnect`
 {"metadata":{"emulator":{"name":"dataconnect"},"message":"E0807 17:59:14.018147    5910 watch.go:116] watchAllDir unable to walk dir `/home/luis/projects/luiskr.com-V3/dataconnect`: lstat /home/luis/projects/luiskr.com-V3/dataconnect: no such file or directory\nE0807 17:59:14.018231    5910 watch.go:40] Failed to load config from \"/home/luis/projects/luiskr.com-V3/dataconnect\": could not find dataconnect.yaml in `/home/luis/projects/luiskr.com-V3/dataconnect`\n"}}
[debug] [2026-08-07T20:59:24.027Z] E0807 17:59:24.027554    5910 watch.go:40] Failed to load config from "/home/luis/projects/luiskr.com-V3/dataconnect": could not find dataconnect.yaml in `/home/luis/projects/luiskr.com-V3/dataconnect`
 {"metadata":{"emulator":{"name":"dataconnect"},"message":"E0807 17:59:24.027554    5910 watch.go:40] Failed to load config from \"/home/luis/projects/luiskr.com-V3/dataconnect\": could not find dataconnect.yaml in `/home/luis/projects/luiskr.com-V3/dataconnect`\n"}}
[debug] [2026-08-07T20:59:34.027Z] E0807 17:59:34.027635    5910 watch.go:40] Failed to load config from "/home/luis/projects/luiskr.com-V3/dataconnect": could not find dataconnect.yaml in `/home/luis/projects/luiskr.com-V3/dataconnect`
 {"metadata":{"emulator":{"name":"dataconnect"},"message":"E0807 17:59:34.027635    5910 watch.go:40] Failed to load config from \"/home/luis/projects/luiskr.com-V3/dataconnect\": could not find dataconnect.yaml in `/home/luis/projects/luiskr.com-V3/dataconnect`\n"}}
[debug] [2026-08-07T20:59:44.019Z] E0807 17:59:44.018862    5910 watch.go:40] Failed to load config from "/home/luis/projects/luiskr.com-V3/dataconnect": could not find dataconnect.yaml in `/home/luis/projects/luiskr.com-V3/dataconnect`
 {"metadata":{"emulator":{"name":"dataconnect"},"message":"E0807 17:59:44.018862    5910 watch.go:40] Failed to load config from \"/home/luis/projects/luiskr.com-V3/dataconnect\": could not find dataconnect.yaml in `/home/luis/projects/luiskr.com-V3/dataconnect`\n"}}
[debug] [2026-08-07T20:59:54.027Z] E0807 17:59:54.026985    5910 watch.go:40] Failed to load config from "/home/luis/projects/luiskr.com-V3/dataconnect": could not find dataconnect.yaml in `/home/luis/projects/luiskr.com-V3/dataconnect`
 {"metadata":{"emulator":{"name":"dataconnect"},"message":"E0807 17:59:54.026985    5910 watch.go:40] Failed to load config from \"/home/luis/projects/luiskr.com-V3/dataconnect\": could not find dataconnect.yaml in `/home/luis/projects/luiskr.com-V3/dataconnect`\n"}}
[debug] [2026-08-07T21:00:04.027Z] E0807 18:00:04.027319    5910 watch.go:40] Failed to load config from "/home/luis/projects/luiskr.com-V3/dataconnect": could not find dataconnect.yaml in `/home/luis/projects/luiskr.com-V3/dataconnect`
 {"metadata":{"emulator":{"name":"dataconnect"},"message":"E0807 18:00:04.027319    5910 watch.go:40] Failed to load config from \"/home/luis/projects/luiskr.com-V3/dataconnect\": could not find dataconnect.yaml in `/home/luis/projects/luiskr.com-V3/dataconnect`\n"}}
[debug] [2026-08-07T21:00:14.019Z] E0807 18:00:14.018681    5910 watch.go:116] watchAllDir unable to walk dir `/home/luis/projects/luiskr.com-V3/dataconnect`: lstat /home/luis/projects/luiskr.com-V3/dataconnect: no such file or directory
E0807 18:00:14.018756    5910 watch.go:40] Failed to load config from "/home/luis/projects/luiskr.com-V3/dataconnect": could not find dataconnect.yaml in `/home/luis/projects/luiskr.com-V3/dataconnect`
 {"metadata":{"emulator":{"name":"dataconnect"},"message":"E0807 18:00:14.018681    5910 watch.go:116] watchAllDir unable to walk dir `/home/luis/projects/luiskr.com-V3/dataconnect`: lstat /home/luis/projects/luiskr.com-V3/dataconnect: no such file or directory\nE0807 18:00:14.018756    5910 watch.go:40] Failed to load config from \"/home/luis/projects/luiskr.com-V3/dataconnect\": could not find dataconnect.yaml in `/home/luis/projects/luiskr.com-V3/dataconnect`\n"}}
[debug] [2026-08-07T21:00:24.028Z] E0807 18:00:24.027852    5910 watch.go:40] Failed to load config from "/home/luis/projects/luiskr.com-V3/dataconnect": could not find dataconnect.yaml in `/home/luis/projects/luiskr.com-V3/dataconnect`
 {"metadata":{"emulator":{"name":"dataconnect"},"message":"E0807 18:00:24.027852    5910 watch.go:40] Failed to load config from \"/home/luis/projects/luiskr.com-V3/dataconnect\": could not find dataconnect.yaml in `/home/luis/projects/luiskr.com-V3/dataconnect`\n"}}
[debug] [2026-08-07T21:00:34.028Z] E0807 18:00:34.027933    5910 watch.go:40] Failed to load config from "/home/luis/projects/luiskr.com-V3/dataconnect": could not find dataconnect.yaml in `/home/luis/projects/luiskr.com-V3/dataconnect`
 {"metadata":{"emulator":{"name":"dataconnect"},"message":"E0807 18:00:34.027933    5910 watch.go:40] Failed to load config from \"/home/luis/projects/luiskr.com-V3/dataconnect\": could not find dataconnect.yaml in `/home/luis/projects/luiskr.com-V3/dataconnect`\n"}}
[debug] [2026-08-07T21:00:44.018Z] E0807 18:00:44.018498    5910 watch.go:40] Failed to load config from "/home/luis/projects/luiskr.com-V3/dataconnect": could not find dataconnect.yaml in `/home/luis/projects/luiskr.com-V3/dataconnect`
 {"metadata":{"emulator":{"name":"dataconnect"},"message":"E0807 18:00:44.018498    5910 watch.go:40] Failed to load config from \"/home/luis/projects/luiskr.com-V3/dataconnect\": could not find dataconnect.yaml in `/home/luis/projects/luiskr.com-V3/dataconnect`\n"}}
[debug] [2026-08-07T21:00:54.019Z] E0807 18:00:54.018561    5910 watch.go:40] Failed to load config from "/home/luis/projects/luiskr.com-V3/dataconnect": could not find dataconnect.yaml in `/home/luis/projects/luiskr.com-V3/dataconnect`
 {"metadata":{"emulator":{"name":"dataconnect"},"message":"E0807 18:00:54.018561    5910 watch.go:40] Failed to load config from \"/home/luis/projects/luiskr.com-V3/dataconnect\": could not find dataconnect.yaml in `/home/luis/projects/luiskr.com-V3/dataconnect`\n"}}
[debug] [2026-08-07T21:01:04.018Z] E0807 18:01:04.018185    5910 watch.go:40] Failed to load config from "/home/luis/projects/luiskr.com-V3/dataconnect": could not find dataconnect.yaml in `/home/luis/projects/luiskr.com-V3/dataconnect`
 {"metadata":{"emulator":{"name":"dataconnect"},"message":"E0807 18:01:04.018185    5910 watch.go:40] Failed to load config from \"/home/luis/projects/luiskr.com-V3/dataconnect\": could not find dataconnect.yaml in `/home/luis/projects/luiskr.com-V3/dataconnect`\n"}}
[debug] [2026-08-07T21:01:14.018Z] E0807 18:01:14.018622    5910 watch.go:116] watchAllDir unable to walk dir `/home/luis/projects/luiskr.com-V3/dataconnect`: lstat /home/luis/projects/luiskr.com-V3/dataconnect: no such file or directory
E0807 18:01:14.018780    5910 watch.go:40] Failed to load config from "/home/luis/projects/luiskr.com-V3/dataconnect": could not find dataconnect.yaml in `/home/luis/projects/luiskr.com-V3/dataconnect`
 {"metadata":{"emulator":{"name":"dataconnect"},"message":"E0807 18:01:14.018622    5910 watch.go:116] watchAllDir unable to walk dir `/home/luis/projects/luiskr.com-V3/dataconnect`: lstat /home/luis/projects/luiskr.com-V3/dataconnect: no such file or directory\nE0807 18:01:14.018780    5910 watch.go:40] Failed to load config from \"/home/luis/projects/luiskr.com-V3/dataconnect\": could not find dataconnect.yaml in `/home/luis/projects/luiskr.com-V3/dataconnect`\n"}}
[debug] [2026-08-07T21:01:24.027Z] E0807 18:01:24.027251    5910 watch.go:40] Failed to load config from "/home/luis/projects/luiskr.com-V3/dataconnect": could not find dataconnect.yaml in `/home/luis/projects/luiskr.com-V3/dataconnect`
 {"metadata":{"emulator":{"name":"dataconnect"},"message":"E0807 18:01:24.027251    5910 watch.go:40] Failed to load config from \"/home/luis/projects/luiskr.com-V3/dataconnect\": could not find dataconnect.yaml in `/home/luis/projects/luiskr.com-V3/dataconnect`\n"}}
[debug] [2026-08-07T21:01:34.027Z] E0807 18:01:34.027246    5910 watch.go:40] Failed to load config from "/home/luis/projects/luiskr.com-V3/dataconnect": could not find dataconnect.yaml in `/home/luis/projects/luiskr.com-V3/dataconnect`
 {"metadata":{"emulator":{"name":"dataconnect"},"message":"E0807 18:01:34.027246    5910 watch.go:40] Failed to load config from \"/home/luis/projects/luiskr.com-V3/dataconnect\": could not find dataconnect.yaml in `/home/luis/projects/luiskr.com-V3/dataconnect`\n"}}
[debug] [2026-08-07T21:01:44.018Z] E0807 18:01:44.018346    5910 watch.go:40] Failed to load config from "/home/luis/projects/luiskr.com-V3/dataconnect": could not find dataconnect.yaml in `/home/luis/projects/luiskr.com-V3/dataconnect`
 {"metadata":{"emulator":{"name":"dataconnect"},"message":"E0807 18:01:44.018346    5910 watch.go:40] Failed to load config from \"/home/luis/projects/luiskr.com-V3/dataconnect\": could not find dataconnect.yaml in `/home/luis/projects/luiskr.com-V3/dataconnect`\n"}}
[debug] [2026-08-07T21:01:54.025Z] E0807 18:01:54.025592    5910 watch.go:40] Failed to load config from "/home/luis/projects/luiskr.com-V3/dataconnect": could not find dataconnect.yaml in `/home/luis/projects/luiskr.com-V3/dataconnect`
 {"metadata":{"emulator":{"name":"dataconnect"},"message":"E0807 18:01:54.025592    5910 watch.go:40] Failed to load config from \"/home/luis/projects/luiskr.com-V3/dataconnect\": could not find dataconnect.yaml in `/home/luis/projects/luiskr.com-V3/dataconnect`\n"}}
[debug] [2026-08-07T21:02:04.028Z] E0807 18:02:04.027782    5910 watch.go:40] Failed to load config from "/home/luis/projects/luiskr.com-V3/dataconnect": could not find dataconnect.yaml in `/home/luis/projects/luiskr.com-V3/dataconnect`
 {"metadata":{"emulator":{"name":"dataconnect"},"message":"E0807 18:02:04.027782    5910 watch.go:40] Failed to load config from \"/home/luis/projects/luiskr.com-V3/dataconnect\": could not find dataconnect.yaml in `/home/luis/projects/luiskr.com-V3/dataconnect`\n"}}
[debug] [2026-08-07T21:02:14.018Z] E0807 18:02:14.018777    5910 watch.go:40] Failed to load config from "/home/luis/projects/luiskr.com-V3/dataconnect": could not find dataconnect.yaml in `/home/luis/projects/luiskr.com-V3/dataconnect`
E0807 18:02:14.018668    5910 watch.go:116] watchAllDir unable to walk dir `/home/luis/projects/luiskr.com-V3/dataconnect`: lstat /home/luis/projects/luiskr.com-V3/dataconnect: no such file or directory
 {"metadata":{"emulator":{"name":"dataconnect"},"message":"E0807 18:02:14.018777    5910 watch.go:40] Failed to load config from \"/home/luis/projects/luiskr.com-V3/dataconnect\": could not find dataconnect.yaml in `/home/luis/projects/luiskr.com-V3/dataconnect`\nE0807 18:02:14.018668    5910 watch.go:116] watchAllDir unable to walk dir `/home/luis/projects/luiskr.com-V3/dataconnect`: lstat /home/luis/projects/luiskr.com-V3/dataconnect: no such file or directory\n"}}
[debug] [2026-08-07T21:02:24.028Z] E0807 18:02:24.027969    5910 watch.go:40] Failed to load config from "/home/luis/projects/luiskr.com-V3/dataconnect": could not find dataconnect.yaml in `/home/luis/projects/luiskr.com-V3/dataconnect`
 {"metadata":{"emulator":{"name":"dataconnect"},"message":"E0807 18:02:24.027969    5910 watch.go:40] Failed to load config from \"/home/luis/projects/luiskr.com-V3/dataconnect\": could not find dataconnect.yaml in `/home/luis/projects/luiskr.com-V3/dataconnect`\n"}}
[debug] [2026-08-07T21:02:34.027Z] E0807 18:02:34.027170    5910 watch.go:40] Failed to load config from "/home/luis/projects/luiskr.com-V3/dataconnect": could not find dataconnect.yaml in `/home/luis/projects/luiskr.com-V3/dataconnect`
 {"metadata":{"emulator":{"name":"dataconnect"},"message":"E0807 18:02:34.027170    5910 watch.go:40] Failed to load config from \"/home/luis/projects/luiskr.com-V3/dataconnect\": could not find dataconnect.yaml in `/home/luis/projects/luiskr.com-V3/dataconnect`\n"}}
[debug] [2026-08-07T21:02:44.018Z] E0807 18:02:44.018570    5910 watch.go:40] Failed to load config from "/home/luis/projects/luiskr.com-V3/dataconnect": could not find dataconnect.yaml in `/home/luis/projects/luiskr.com-V3/dataconnect`
 {"metadata":{"emulator":{"name":"dataconnect"},"message":"E0807 18:02:44.018570    5910 watch.go:40] Failed to load config from \"/home/luis/projects/luiskr.com-V3/dataconnect\": could not find dataconnect.yaml in `/home/luis/projects/luiskr.com-V3/dataconnect`\n"}}
[debug] [2026-08-07T21:02:54.025Z] E0807 18:02:54.025636    5910 watch.go:40] Failed to load config from "/home/luis/projects/luiskr.com-V3/dataconnect": could not find dataconnect.yaml in `/home/luis/projects/luiskr.com-V3/dataconnect`
 {"metadata":{"emulator":{"name":"dataconnect"},"message":"E0807 18:02:54.025636    5910 watch.go:40] Failed to load config from \"/home/luis/projects/luiskr.com-V3/dataconnect\": could not find dataconnect.yaml in `/home/luis/projects/luiskr.com-V3/dataconnect`\n"}}
[debug] [2026-08-07T21:03:04.019Z] E0807 18:03:04.018699    5910 watch.go:40] Failed to load config from "/home/luis/projects/luiskr.com-V3/dataconnect": could not find dataconnect.yaml in `/home/luis/projects/luiskr.com-V3/dataconnect`
 {"metadata":{"emulator":{"name":"dataconnect"},"message":"E0807 18:03:04.018699    5910 watch.go:40] Failed to load config from \"/home/luis/projects/luiskr.com-V3/dataconnect\": could not find dataconnect.yaml in `/home/luis/projects/luiskr.com-V3/dataconnect`\n"}}
[debug] [2026-08-07T21:03:14.018Z] E0807 18:03:14.018669    5910 watch.go:116] watchAllDir unable to walk dir `/home/luis/projects/luiskr.com-V3/dataconnect`: lstat /home/luis/projects/luiskr.com-V3/dataconnect: no such file or directory
E0807 18:03:14.018770    5910 watch.go:40] Failed to load config from "/home/luis/projects/luiskr.com-V3/dataconnect": could not find dataconnect.yaml in `/home/luis/projects/luiskr.com-V3/dataconnect`
 {"metadata":{"emulator":{"name":"dataconnect"},"message":"E0807 18:03:14.018669    5910 watch.go:116] watchAllDir unable to walk dir `/home/luis/projects/luiskr.com-V3/dataconnect`: lstat /home/luis/projects/luiskr.com-V3/dataconnect: no such file or directory\nE0807 18:03:14.018770    5910 watch.go:40] Failed to load config from \"/home/luis/projects/luiskr.com-V3/dataconnect\": could not find dataconnect.yaml in `/home/luis/projects/luiskr.com-V3/dataconnect`\n"}}
[debug] [2026-08-07T21:03:24.028Z] E0807 18:03:24.028051    5910 watch.go:40] Failed to load config from "/home/luis/projects/luiskr.com-V3/dataconnect": could not find dataconnect.yaml in `/home/luis/projects/luiskr.com-V3/dataconnect`
 {"metadata":{"emulator":{"name":"dataconnect"},"message":"E0807 18:03:24.028051    5910 watch.go:40] Failed to load config from \"/home/luis/projects/luiskr.com-V3/dataconnect\": could not find dataconnect.yaml in `/home/luis/projects/luiskr.com-V3/dataconnect`\n"}}
[debug] [2026-08-07T21:03:34.027Z] E0807 18:03:34.027172    5910 watch.go:40] Failed to load config from "/home/luis/projects/luiskr.com-V3/dataconnect": could not find dataconnect.yaml in `/home/luis/projects/luiskr.com-V3/dataconnect`
 {"metadata":{"emulator":{"name":"dataconnect"},"message":"E0807 18:03:34.027172    5910 watch.go:40] Failed to load config from \"/home/luis/projects/luiskr.com-V3/dataconnect\": could not find dataconnect.yaml in `/home/luis/projects/luiskr.com-V3/dataconnect`\n"}}
[debug] [2026-08-07T21:03:44.018Z] E0807 18:03:44.018310    5910 watch.go:40] Failed to load config from "/home/luis/projects/luiskr.com-V3/dataconnect": could not find dataconnect.yaml in `/home/luis/projects/luiskr.com-V3/dataconnect`
 {"metadata":{"emulator":{"name":"dataconnect"},"message":"E0807 18:03:44.018310    5910 watch.go:40] Failed to load config from \"/home/luis/projects/luiskr.com-V3/dataconnect\": could not find dataconnect.yaml in `/home/luis/projects/luiskr.com-V3/dataconnect`\n"}}
[debug] [2026-08-07T21:03:54.027Z] E0807 18:03:54.027440    5910 watch.go:40] Failed to load config from "/home/luis/projects/luiskr.com-V3/dataconnect": could not find dataconnect.yaml in `/home/luis/projects/luiskr.com-V3/dataconnect`
 {"metadata":{"emulator":{"name":"dataconnect"},"message":"E0807 18:03:54.027440    5910 watch.go:40] Failed to load config from \"/home/luis/projects/luiskr.com-V3/dataconnect\": could not find dataconnect.yaml in `/home/luis/projects/luiskr.com-V3/dataconnect`\n"}}
[debug] [2026-08-07T21:04:04.028Z] E0807 18:04:04.027794    5910 watch.go:40] Failed to load config from "/home/luis/projects/luiskr.com-V3/dataconnect": could not find dataconnect.yaml in `/home/luis/projects/luiskr.com-V3/dataconnect`
 {"metadata":{"emulator":{"name":"dataconnect"},"message":"E0807 18:04:04.027794    5910 watch.go:40] Failed to load config from \"/home/luis/projects/luiskr.com-V3/dataconnect\": could not find dataconnect.yaml in `/home/luis/projects/luiskr.com-V3/dataconnect`\n"}}
[debug] [2026-08-07T21:04:14.018Z] E0807 18:04:14.017916    5910 watch.go:116] watchAllDir unable to walk dir `/home/luis/projects/luiskr.com-V3/dataconnect`: lstat /home/luis/projects/luiskr.com-V3/dataconnect: no such file or directory
E0807 18:04:14.018006    5910 watch.go:40] Failed to load config from "/home/luis/projects/luiskr.com-V3/dataconnect": could not find dataconnect.yaml in `/home/luis/projects/luiskr.com-V3/dataconnect`
 {"metadata":{"emulator":{"name":"dataconnect"},"message":"E0807 18:04:14.017916    5910 watch.go:116] watchAllDir unable to walk dir `/home/luis/projects/luiskr.com-V3/dataconnect`: lstat /home/luis/projects/luiskr.com-V3/dataconnect: no such file or directory\nE0807 18:04:14.018006    5910 watch.go:40] Failed to load config from \"/home/luis/projects/luiskr.com-V3/dataconnect\": could not find dataconnect.yaml in `/home/luis/projects/luiskr.com-V3/dataconnect`\n"}}
[debug] [2026-08-07T21:04:24.027Z] E0807 18:04:24.027224    5910 watch.go:40] Failed to load config from "/home/luis/projects/luiskr.com-V3/dataconnect": could not find dataconnect.yaml in `/home/luis/projects/luiskr.com-V3/dataconnect`
 {"metadata":{"emulator":{"name":"dataconnect"},"message":"E0807 18:04:24.027224    5910 watch.go:40] Failed to load config from \"/home/luis/projects/luiskr.com-V3/dataconnect\": could not find dataconnect.yaml in `/home/luis/projects/luiskr.com-V3/dataconnect`\n"}}
[debug] [2026-08-07T21:04:34.027Z] E0807 18:04:34.027326    5910 watch.go:40] Failed to load config from "/home/luis/projects/luiskr.com-V3/dataconnect": could not find dataconnect.yaml in `/home/luis/projects/luiskr.com-V3/dataconnect`
 {"metadata":{"emulator":{"name":"dataconnect"},"message":"E0807 18:04:34.027326    5910 watch.go:40] Failed to load config from \"/home/luis/projects/luiskr.com-V3/dataconnect\": could not find dataconnect.yaml in `/home/luis/projects/luiskr.com-V3/dataconnect`\n"}}
[debug] [2026-08-07T21:04:44.019Z] E0807 18:04:44.018772    5910 watch.go:40] Failed to load config from "/home/luis/projects/luiskr.com-V3/dataconnect": could not find dataconnect.yaml in `/home/luis/projects/luiskr.com-V3/dataconnect`
 {"metadata":{"emulator":{"name":"dataconnect"},"message":"E0807 18:04:44.018772    5910 watch.go:40] Failed to load config from \"/home/luis/projects/luiskr.com-V3/dataconnect\": could not find dataconnect.yaml in `/home/luis/projects/luiskr.com-V3/dataconnect`\n"}}
[debug] [2026-08-07T21:04:54.028Z] E0807 18:04:54.027862    5910 watch.go:40] Failed to load config from "/home/luis/projects/luiskr.com-V3/dataconnect": could not find dataconnect.yaml in `/home/luis/projects/luiskr.com-V3/dataconnect`
 {"metadata":{"emulator":{"name":"dataconnect"},"message":"E0807 18:04:54.027862    5910 watch.go:40] Failed to load config from \"/home/luis/projects/luiskr.com-V3/dataconnect\": could not find dataconnect.yaml in `/home/luis/projects/luiskr.com-V3/dataconnect`\n"}}
[debug] [2026-08-07T21:05:04.028Z] E0807 18:05:04.027906    5910 watch.go:40] Failed to load config from "/home/luis/projects/luiskr.com-V3/dataconnect": could not find dataconnect.yaml in `/home/luis/projects/luiskr.com-V3/dataconnect`
 {"metadata":{"emulator":{"name":"dataconnect"},"message":"E0807 18:05:04.027906    5910 watch.go:40] Failed to load config from \"/home/luis/projects/luiskr.com-V3/dataconnect\": could not find dataconnect.yaml in `/home/luis/projects/luiskr.com-V3/dataconnect`\n"}}
[debug] [2026-08-07T21:05:11.829Z] [Firebase Plugin] Value of process.env.MONOSPACE_ENV: undefined
[debug] [2026-08-07T21:05:11.830Z] [Firebase Plugin] requireAuthWrapper
[debug] [2026-08-07T21:05:11.830Z] > command requires scopes: ["email","openid","https://www.googleapis.com/auth/cloudplatformprojects.readonly","https://www.googleapis.com/auth/firebase","https://www.googleapis.com/auth/cloud-platform"]
[error] [Firebase Plugin] requireAuth error: Could not load the default credentials. Browse to https://cloud.google.com/docs/authentication/getting-started for more information.
[debug] [2026-08-07T21:05:11.831Z] [Firebase Plugin] Value of process.env.MONOSPACE_ENV: undefined
[debug] [2026-08-07T21:05:11.831Z] [Firebase Plugin] requireAuthWrapper
[debug] [2026-08-07T21:05:11.831Z] > command requires scopes: ["email","openid","https://www.googleapis.com/auth/cloudplatformprojects.readonly","https://www.googleapis.com/auth/firebase","https://www.googleapis.com/auth/cloud-platform"]
[error] [Firebase Plugin] requireAuth error: Could not load the default credentials. Browse to https://cloud.google.com/docs/authentication/getting-started for more information.
[debug] [2026-08-07T21:05:14.018Z] E0807 18:05:14.018664    5910 watch.go:116] watchAllDir unable to walk dir `/home/luis/projects/luiskr.com-V3/dataconnect`: lstat /home/luis/projects/luiskr.com-V3/dataconnect: no such file or directory
E0807 18:05:14.018767    5910 watch.go:40] Failed to load config from "/home/luis/projects/luiskr.com-V3/dataconnect": could not find dataconnect.yaml in `/home/luis/projects/luiskr.com-V3/dataconnect`
 {"metadata":{"emulator":{"name":"dataconnect"},"message":"E0807 18:05:14.018664    5910 watch.go:116] watchAllDir unable to walk dir `/home/luis/projects/luiskr.com-V3/dataconnect`: lstat /home/luis/projects/luiskr.com-V3/dataconnect: no such file or directory\nE0807 18:05:14.018767    5910 watch.go:40] Failed to load config from \"/home/luis/projects/luiskr.com-V3/dataconnect\": could not find dataconnect.yaml in `/home/luis/projects/luiskr.com-V3/dataconnect`\n"}}
[debug] [2026-08-07T21:05:24.018Z] E0807 18:05:24.018150    5910 watch.go:40] Failed to load config from "/home/luis/projects/luiskr.com-V3/dataconnect": could not find dataconnect.yaml in `/home/luis/projects/luiskr.com-V3/dataconnect`
 {"metadata":{"emulator":{"name":"dataconnect"},"message":"E0807 18:05:24.018150    5910 watch.go:40] Failed to load config from \"/home/luis/projects/luiskr.com-V3/dataconnect\": could not find dataconnect.yaml in `/home/luis/projects/luiskr.com-V3/dataconnect`\n"}}
[debug] [2026-08-07T21:05:34.025Z] E0807 18:05:34.025602    5910 watch.go:40] Failed to load config from "/home/luis/projects/luiskr.com-V3/dataconnect": could not find dataconnect.yaml in `/home/luis/projects/luiskr.com-V3/dataconnect`
 {"metadata":{"emulator":{"name":"dataconnect"},"message":"E0807 18:05:34.025602    5910 watch.go:40] Failed to load config from \"/home/luis/projects/luiskr.com-V3/dataconnect\": could not find dataconnect.yaml in `/home/luis/projects/luiskr.com-V3/dataconnect`\n"}}
[debug] [2026-08-07T21:05:44.019Z] E0807 18:05:44.018743    5910 watch.go:40] Failed to load config from "/home/luis/projects/luiskr.com-V3/dataconnect": could not find dataconnect.yaml in `/home/luis/projects/luiskr.com-V3/dataconnect`
 {"metadata":{"emulator":{"name":"dataconnect"},"message":"E0807 18:05:44.018743    5910 watch.go:40] Failed to load config from \"/home/luis/projects/luiskr.com-V3/dataconnect\": could not find dataconnect.yaml in `/home/luis/projects/luiskr.com-V3/dataconnect`\n"}}
[debug] [2026-08-07T21:05:54.028Z] E0807 18:05:54.027908    5910 watch.go:40] Failed to load config from "/home/luis/projects/luiskr.com-V3/dataconnect": could not find dataconnect.yaml in `/home/luis/projects/luiskr.com-V3/dataconnect`
 {"metadata":{"emulator":{"name":"dataconnect"},"message":"E0807 18:05:54.027908    5910 watch.go:40] Failed to load config from \"/home/luis/projects/luiskr.com-V3/dataconnect\": could not find dataconnect.yaml in `/home/luis/projects/luiskr.com-V3/dataconnect`\n"}}
[debug] [2026-08-07T21:06:04.027Z] E0807 18:06:04.027093    5910 watch.go:40] Failed to load config from "/home/luis/projects/luiskr.com-V3/dataconnect": could not find dataconnect.yaml in `/home/luis/projects/luiskr.com-V3/dataconnect`
 {"metadata":{"emulator":{"name":"dataconnect"},"message":"E0807 18:06:04.027093    5910 watch.go:40] Failed to load config from \"/home/luis/projects/luiskr.com-V3/dataconnect\": could not find dataconnect.yaml in `/home/luis/projects/luiskr.com-V3/dataconnect`\n"}}
[debug] [2026-08-07T21:06:14.018Z] E0807 18:06:14.018147    5910 watch.go:116] watchAllDir unable to walk dir `/home/luis/projects/luiskr.com-V3/dataconnect`: lstat /home/luis/projects/luiskr.com-V3/dataconnect: no such file or directory
E0807 18:06:14.018230    5910 watch.go:40] Failed to load config from "/home/luis/projects/luiskr.com-V3/dataconnect": could not find dataconnect.yaml in `/home/luis/projects/luiskr.com-V3/dataconnect`
 {"metadata":{"emulator":{"name":"dataconnect"},"message":"E0807 18:06:14.018147    5910 watch.go:116] watchAllDir unable to walk dir `/home/luis/projects/luiskr.com-V3/dataconnect`: lstat /home/luis/projects/luiskr.com-V3/dataconnect: no such file or directory\nE0807 18:06:14.018230    5910 watch.go:40] Failed to load config from \"/home/luis/projects/luiskr.com-V3/dataconnect\": could not find dataconnect.yaml in `/home/luis/projects/luiskr.com-V3/dataconnect`\n"}}
[debug] [2026-08-07T21:06:24.027Z] E0807 18:06:24.027383    5910 watch.go:40] Failed to load config from "/home/luis/projects/luiskr.com-V3/dataconnect": could not find dataconnect.yaml in `/home/luis/projects/luiskr.com-V3/dataconnect`
 {"metadata":{"emulator":{"name":"dataconnect"},"message":"E0807 18:06:24.027383    5910 watch.go:40] Failed to load config from \"/home/luis/projects/luiskr.com-V3/dataconnect\": could not find dataconnect.yaml in `/home/luis/projects/luiskr.com-V3/dataconnect`\n"}}
[debug] [2026-08-07T21:06:34.027Z] E0807 18:06:34.027574    5910 watch.go:40] Failed to load config from "/home/luis/projects/luiskr.com-V3/dataconnect": could not find dataconnect.yaml in `/home/luis/projects/luiskr.com-V3/dataconnect`
 {"metadata":{"emulator":{"name":"dataconnect"},"message":"E0807 18:06:34.027574    5910 watch.go:40] Failed to load config from \"/home/luis/projects/luiskr.com-V3/dataconnect\": could not find dataconnect.yaml in `/home/luis/projects/luiskr.com-V3/dataconnect`\n"}}
[debug] [2026-08-07T21:06:44.018Z] E0807 18:06:44.018606    5910 watch.go:40] Failed to load config from "/home/luis/projects/luiskr.com-V3/dataconnect": could not find dataconnect.yaml in `/home/luis/projects/luiskr.com-V3/dataconnect`
 {"metadata":{"emulator":{"name":"dataconnect"},"message":"E0807 18:06:44.018606    5910 watch.go:40] Failed to load config from \"/home/luis/projects/luiskr.com-V3/dataconnect\": could not find dataconnect.yaml in `/home/luis/projects/luiskr.com-V3/dataconnect`\n"}}
[debug] [2026-08-07T21:06:54.027Z] E0807 18:06:54.027771    5910 watch.go:40] Failed to load config from "/home/luis/projects/luiskr.com-V3/dataconnect": could not find dataconnect.yaml in `/home/luis/projects/luiskr.com-V3/dataconnect`
 {"metadata":{"emulator":{"name":"dataconnect"},"message":"E0807 18:06:54.027771    5910 watch.go:40] Failed to load config from \"/home/luis/projects/luiskr.com-V3/dataconnect\": could not find dataconnect.yaml in `/home/luis/projects/luiskr.com-V3/dataconnect`\n"}}
[debug] [2026-08-07T21:07:04.028Z] E0807 18:07:04.027962    5910 watch.go:40] Failed to load config from "/home/luis/projects/luiskr.com-V3/dataconnect": could not find dataconnect.yaml in `/home/luis/projects/luiskr.com-V3/dataconnect`
 {"metadata":{"emulator":{"name":"dataconnect"},"message":"E0807 18:07:04.027962    5910 watch.go:40] Failed to load config from \"/home/luis/projects/luiskr.com-V3/dataconnect\": could not find dataconnect.yaml in `/home/luis/projects/luiskr.com-V3/dataconnect`\n"}}
[debug] [2026-08-07T21:07:14.018Z] E0807 18:07:14.018002    5910 watch.go:40] Failed to load config from "/home/luis/projects/luiskr.com-V3/dataconnect": could not find dataconnect.yaml in `/home/luis/projects/luiskr.com-V3/dataconnect`
E0807 18:07:14.017978    5910 watch.go:116] watchAllDir unable to walk dir `/home/luis/projects/luiskr.com-V3/dataconnect`: lstat /home/luis/projects/luiskr.com-V3/dataconnect: no such file or directory
 {"metadata":{"emulator":{"name":"dataconnect"},"message":"E0807 18:07:14.018002    5910 watch.go:40] Failed to load config from \"/home/luis/projects/luiskr.com-V3/dataconnect\": could not find dataconnect.yaml in `/home/luis/projects/luiskr.com-V3/dataconnect`\nE0807 18:07:14.017978    5910 watch.go:116] watchAllDir unable to walk dir `/home/luis/projects/luiskr.com-V3/dataconnect`: lstat /home/luis/projects/luiskr.com-V3/dataconnect: no such file or directory\n"}}
[debug] [2026-08-07T21:07:24.018Z] E0807 18:07:24.018496    5910 watch.go:40] Failed to load config from "/home/luis/projects/luiskr.com-V3/dataconnect": could not find dataconnect.yaml in `/home/luis/projects/luiskr.com-V3/dataconnect`
 {"metadata":{"emulator":{"name":"dataconnect"},"message":"E0807 18:07:24.018496    5910 watch.go:40] Failed to load config from \"/home/luis/projects/luiskr.com-V3/dataconnect\": could not find dataconnect.yaml in `/home/luis/projects/luiskr.com-V3/dataconnect`\n"}}
[debug] [2026-08-07T21:07:34.018Z] E0807 18:07:34.018090    5910 watch.go:40] Failed to load config from "/home/luis/projects/luiskr.com-V3/dataconnect": could not find dataconnect.yaml in `/home/luis/projects/luiskr.com-V3/dataconnect`
 {"metadata":{"emulator":{"name":"dataconnect"},"message":"E0807 18:07:34.018090    5910 watch.go:40] Failed to load config from \"/home/luis/projects/luiskr.com-V3/dataconnect\": could not find dataconnect.yaml in `/home/luis/projects/luiskr.com-V3/dataconnect`\n"}}
[debug] [2026-08-07T21:07:44.018Z] E0807 18:07:44.018590    5910 watch.go:40] Failed to load config from "/home/luis/projects/luiskr.com-V3/dataconnect": could not find dataconnect.yaml in `/home/luis/projects/luiskr.com-V3/dataconnect`
 {"metadata":{"emulator":{"name":"dataconnect"},"message":"E0807 18:07:44.018590    5910 watch.go:40] Failed to load config from \"/home/luis/projects/luiskr.com-V3/dataconnect\": could not find dataconnect.yaml in `/home/luis/projects/luiskr.com-V3/dataconnect`\n"}}
[debug] [2026-08-07T21:07:54.027Z] E0807 18:07:54.027750    5910 watch.go:40] Failed to load config from "/home/luis/projects/luiskr.com-V3/dataconnect": could not find dataconnect.yaml in `/home/luis/projects/luiskr.com-V3/dataconnect`
 {"metadata":{"emulator":{"name":"dataconnect"},"message":"E0807 18:07:54.027750    5910 watch.go:40] Failed to load config from \"/home/luis/projects/luiskr.com-V3/dataconnect\": could not find dataconnect.yaml in `/home/luis/projects/luiskr.com-V3/dataconnect`\n"}}
[debug] [2026-08-07T21:08:04.028Z] E0807 18:08:04.027895    5910 watch.go:40] Failed to load config from "/home/luis/projects/luiskr.com-V3/dataconnect": could not find dataconnect.yaml in `/home/luis/projects/luiskr.com-V3/dataconnect`
 {"metadata":{"emulator":{"name":"dataconnect"},"message":"E0807 18:08:04.027895    5910 watch.go:40] Failed to load config from \"/home/luis/projects/luiskr.com-V3/dataconnect\": could not find dataconnect.yaml in `/home/luis/projects/luiskr.com-V3/dataconnect`\n"}}
[debug] [2026-08-07T21:08:14.019Z] E0807 18:08:14.018760    5910 watch.go:116] watchAllDir unable to walk dir `/home/luis/projects/luiskr.com-V3/dataconnect`: lstat /home/luis/projects/luiskr.com-V3/dataconnect: no such file or directory
E0807 18:08:14.018877    5910 watch.go:40] Failed to load config from "/home/luis/projects/luiskr.com-V3/dataconnect": could not find dataconnect.yaml in `/home/luis/projects/luiskr.com-V3/dataconnect`
 {"metadata":{"emulator":{"name":"dataconnect"},"message":"E0807 18:08:14.018760    5910 watch.go:116] watchAllDir unable to walk dir `/home/luis/projects/luiskr.com-V3/dataconnect`: lstat /home/luis/projects/luiskr.com-V3/dataconnect: no such file or directory\nE0807 18:08:14.018877    5910 watch.go:40] Failed to load config from \"/home/luis/projects/luiskr.com-V3/dataconnect\": could not find dataconnect.yaml in `/home/luis/projects/luiskr.com-V3/dataconnect`\n"}}
[debug] [2026-08-07T21:08:24.027Z] E0807 18:08:24.027025    5910 watch.go:40] Failed to load config from "/home/luis/projects/luiskr.com-V3/dataconnect": could not find dataconnect.yaml in `/home/luis/projects/luiskr.com-V3/dataconnect`
 {"metadata":{"emulator":{"name":"dataconnect"},"message":"E0807 18:08:24.027025    5910 watch.go:40] Failed to load config from \"/home/luis/projects/luiskr.com-V3/dataconnect\": could not find dataconnect.yaml in `/home/luis/projects/luiskr.com-V3/dataconnect`\n"}}
[debug] [2026-08-07T21:08:34.027Z] E0807 18:08:34.027176    5910 watch.go:40] Failed to load config from "/home/luis/projects/luiskr.com-V3/dataconnect": could not find dataconnect.yaml in `/home/luis/projects/luiskr.com-V3/dataconnect`
 {"metadata":{"emulator":{"name":"dataconnect"},"message":"E0807 18:08:34.027176    5910 watch.go:40] Failed to load config from \"/home/luis/projects/luiskr.com-V3/dataconnect\": could not find dataconnect.yaml in `/home/luis/projects/luiskr.com-V3/dataconnect`\n"}}
[debug] [2026-08-07T21:08:44.018Z] E0807 18:08:44.018351    5910 watch.go:40] Failed to load config from "/home/luis/projects/luiskr.com-V3/dataconnect": could not find dataconnect.yaml in `/home/luis/projects/luiskr.com-V3/dataconnect`
 {"metadata":{"emulator":{"name":"dataconnect"},"message":"E0807 18:08:44.018351    5910 watch.go:40] Failed to load config from \"/home/luis/projects/luiskr.com-V3/dataconnect\": could not find dataconnect.yaml in `/home/luis/projects/luiskr.com-V3/dataconnect`\n"}}
[debug] [2026-08-07T21:08:54.027Z] E0807 18:08:54.027435    5910 watch.go:40] Failed to load config from "/home/luis/projects/luiskr.com-V3/dataconnect": could not find dataconnect.yaml in `/home/luis/projects/luiskr.com-V3/dataconnect`
 {"metadata":{"emulator":{"name":"dataconnect"},"message":"E0807 18:08:54.027435    5910 watch.go:40] Failed to load config from \"/home/luis/projects/luiskr.com-V3/dataconnect\": could not find dataconnect.yaml in `/home/luis/projects/luiskr.com-V3/dataconnect`\n"}}
[debug] [2026-08-07T21:09:04.027Z] E0807 18:09:04.027644    5910 watch.go:40] Failed to load config from "/home/luis/projects/luiskr.com-V3/dataconnect": could not find dataconnect.yaml in `/home/luis/projects/luiskr.com-V3/dataconnect`
 {"metadata":{"emulator":{"name":"dataconnect"},"message":"E0807 18:09:04.027644    5910 watch.go:40] Failed to load config from \"/home/luis/projects/luiskr.com-V3/dataconnect\": could not find dataconnect.yaml in `/home/luis/projects/luiskr.com-V3/dataconnect`\n"}}
[debug] [2026-08-07T21:09:14.019Z] E0807 18:09:14.018754    5910 watch.go:116] watchAllDir unable to walk dir `/home/luis/projects/luiskr.com-V3/dataconnect`: lstat /home/luis/projects/luiskr.com-V3/dataconnect: no such file or directory
E0807 18:09:14.018880    5910 watch.go:40] Failed to load config from "/home/luis/projects/luiskr.com-V3/dataconnect": could not find dataconnect.yaml in `/home/luis/projects/luiskr.com-V3/dataconnect`
 {"metadata":{"emulator":{"name":"dataconnect"},"message":"E0807 18:09:14.018754    5910 watch.go:116] watchAllDir unable to walk dir `/home/luis/projects/luiskr.com-V3/dataconnect`: lstat /home/luis/projects/luiskr.com-V3/dataconnect: no such file or directory\nE0807 18:09:14.018880    5910 watch.go:40] Failed to load config from \"/home/luis/projects/luiskr.com-V3/dataconnect\": could not find dataconnect.yaml in `/home/luis/projects/luiskr.com-V3/dataconnect`\n"}}
[debug] [2026-08-07T21:09:24.027Z] E0807 18:09:24.027027    5910 watch.go:40] Failed to load config from "/home/luis/projects/luiskr.com-V3/dataconnect": could not find dataconnect.yaml in `/home/luis/projects/luiskr.com-V3/dataconnect`
 {"metadata":{"emulator":{"name":"dataconnect"},"message":"E0807 18:09:24.027027    5910 watch.go:40] Failed to load config from \"/home/luis/projects/luiskr.com-V3/dataconnect\": could not find dataconnect.yaml in `/home/luis/projects/luiskr.com-V3/dataconnect`\n"}}
[debug] [2026-08-07T21:09:34.018Z] E0807 18:09:34.018662    5910 watch.go:40] Failed to load config from "/home/luis/projects/luiskr.com-V3/dataconnect": could not find dataconnect.yaml in `/home/luis/projects/luiskr.com-V3/dataconnect`
 {"metadata":{"emulator":{"name":"dataconnect"},"message":"E0807 18:09:34.018662    5910 watch.go:40] Failed to load config from \"/home/luis/projects/luiskr.com-V3/dataconnect\": could not find dataconnect.yaml in `/home/luis/projects/luiskr.com-V3/dataconnect`\n"}}
[debug] [2026-08-07T21:09:44.018Z] E0807 18:09:44.018232    5910 watch.go:40] Failed to load config from "/home/luis/projects/luiskr.com-V3/dataconnect": could not find dataconnect.yaml in `/home/luis/projects/luiskr.com-V3/dataconnect`
 {"metadata":{"emulator":{"name":"dataconnect"},"message":"E0807 18:09:44.018232    5910 watch.go:40] Failed to load config from \"/home/luis/projects/luiskr.com-V3/dataconnect\": could not find dataconnect.yaml in `/home/luis/projects/luiskr.com-V3/dataconnect`\n"}}
[debug] [2026-08-07T21:09:54.027Z] E0807 18:09:54.027363    5910 watch.go:40] Failed to load config from "/home/luis/projects/luiskr.com-V3/dataconnect": could not find dataconnect.yaml in `/home/luis/projects/luiskr.com-V3/dataconnect`
 {"metadata":{"emulator":{"name":"dataconnect"},"message":"E0807 18:09:54.027363    5910 watch.go:40] Failed to load config from \"/home/luis/projects/luiskr.com-V3/dataconnect\": could not find dataconnect.yaml in `/home/luis/projects/luiskr.com-V3/dataconnect`\n"}}
[debug] [2026-08-07T21:10:04.027Z] E0807 18:10:04.027517    5910 watch.go:40] Failed to load config from "/home/luis/projects/luiskr.com-V3/dataconnect": could not find dataconnect.yaml in `/home/luis/projects/luiskr.com-V3/dataconnect`
 {"metadata":{"emulator":{"name":"dataconnect"},"message":"E0807 18:10:04.027517    5910 watch.go:40] Failed to load config from \"/home/luis/projects/luiskr.com-V3/dataconnect\": could not find dataconnect.yaml in `/home/luis/projects/luiskr.com-V3/dataconnect`\n"}}
[debug] [2026-08-07T21:10:14.018Z] E0807 18:10:14.018636    5910 watch.go:116] watchAllDir unable to walk dir `/home/luis/projects/luiskr.com-V3/dataconnect`: lstat /home/luis/projects/luiskr.com-V3/dataconnect: no such file or directory
E0807 18:10:14.018749    5910 watch.go:40] Failed to load config from "/home/luis/projects/luiskr.com-V3/dataconnect": could not find dataconnect.yaml in `/home/luis/projects/luiskr.com-V3/dataconnect`
 {"metadata":{"emulator":{"name":"dataconnect"},"message":"E0807 18:10:14.018636    5910 watch.go:116] watchAllDir unable to walk dir `/home/luis/projects/luiskr.com-V3/dataconnect`: lstat /home/luis/projects/luiskr.com-V3/dataconnect: no such file or directory\nE0807 18:10:14.018749    5910 watch.go:40] Failed to load config from \"/home/luis/projects/luiskr.com-V3/dataconnect\": could not find dataconnect.yaml in `/home/luis/projects/luiskr.com-V3/dataconnect`\n"}}
[debug] [2026-08-07T21:10:24.028Z] E0807 18:10:24.027926    5910 watch.go:40] Failed to load config from "/home/luis/projects/luiskr.com-V3/dataconnect": could not find dataconnect.yaml in `/home/luis/projects/luiskr.com-V3/dataconnect`
 {"metadata":{"emulator":{"name":"dataconnect"},"message":"E0807 18:10:24.027926    5910 watch.go:40] Failed to load config from \"/home/luis/projects/luiskr.com-V3/dataconnect\": could not find dataconnect.yaml in `/home/luis/projects/luiskr.com-V3/dataconnect`\n"}}
[info] [Firebase Plugin] Stopping SQL Connect toolkit
[debug] [2026-08-07T21:10:39.822Z] [Firebase Plugin] Activating Firebase extension.
[debug] [2026-08-07T21:10:42.533Z] [Firebase Plugin] requireAuthWrapper
[debug] [2026-08-07T21:10:42.534Z] > command requires scopes: ["email","openid","https://www.googleapis.com/auth/cloudplatformprojects.readonly","https://www.googleapis.com/auth/firebase","https://www.googleapis.com/auth/cloud-platform"]
[debug] [2026-08-07T21:10:42.545Z] [Firebase Plugin] VSCode notification server listening on port 40001
[info] [Firebase Plugin] Starting SQL Connect toolkit (version 3.4.16) on port 50001
[debug] [2026-08-07T21:10:42.728Z] 'fdc build' failed with error: Unable to build your SQL Connect schema and connectors (exit code 1): E0807 18:10:42.727210   17472 cmd.go:43] Error loading data connect config: could not find dataconnect.yaml in `/home/luis/projects/luiskr.com-V3/dataconnect`
 {"metadata":{"emulator":{"name":"dataconnect"},"message":"'fdc build' failed with error: Unable to build your SQL Connect schema and connectors (exit code 1): E0807 18:10:42.727210   17472 cmd.go:43] Error loading data connect config: could not find dataconnect.yaml in `/home/luis/projects/luiskr.com-V3/dataconnect`\n"}}
[debug] [2026-08-07T21:10:42.728Z] Ignoring unsupported arg: auto_download {"metadata":{"emulator":{"name":"dataconnect"},"message":"Ignoring unsupported arg: auto_download"}}
[debug] [2026-08-07T21:10:42.729Z] Ignoring unsupported arg: port {"metadata":{"emulator":{"name":"dataconnect"},"message":"Ignoring unsupported arg: port"}}
[debug] [2026-08-07T21:10:42.729Z] Starting SQL Connect Emulator with command {"binary":"/home/luis/.cache/firebase/emulators/dataconnect-emulator-3.4.16","args":["--logtostderr","-v=2","dev","--listen=localhost:50001","--config_dir=/home/luis/projects/luiskr.com-V3/dataconnect","--enable_output_schema_extensions=true","--enable_output_generated_sdk=true"],"optionalArgs":["listen","config_dir","enable_output_schema_extensions","enable_output_generated_sdk"],"joinArgs":true,"shell":false,"port":9399} {"metadata":{"emulator":{"name":"dataconnect"},"message":"Starting SQL Connect Emulator with command {\"binary\":\"/home/luis/.cache/firebase/emulators/dataconnect-emulator-3.4.16\",\"args\":[\"--logtostderr\",\"-v=2\",\"dev\",\"--listen=localhost:50001\",\"--config_dir=/home/luis/projects/luiskr.com-V3/dataconnect\",\"--enable_output_schema_extensions=true\",\"--enable_output_generated_sdk=true\"],\"optionalArgs\":[\"listen\",\"config_dir\",\"enable_output_schema_extensions\",\"enable_output_generated_sdk\"],\"joinArgs\":true,\"shell\":false,\"port\":9399}"}}
[info] i  dataconnect: SQL Connect Emulator logging to dataconnect-debug.log {"metadata":{"emulator":{"name":"dataconnect"},"message":"SQL Connect Emulator logging to dataconnect-debug.log"}}
[error] [Firebase Plugin] requireAuth error: Could not load the default credentials. Browse to https://cloud.google.com/docs/authentication/getting-started for more information.
[debug] [2026-08-07T21:10:42.747Z] E0807 18:10:42.744722   17485 dev.go:80] Failed to load initial config from "/home/luis/projects/luiskr.com-V3/dataconnect": could not find dataconnect.yaml in `/home/luis/projects/luiskr.com-V3/dataconnect`
E0807 18:10:42.744958   17485 watch.go:116] watchAllDir unable to walk dir `/home/luis/projects/luiskr.com-V3/dataconnect`: lstat /home/luis/projects/luiskr.com-V3/dataconnect: no such file or directory
I0807 18:10:42.747180   17485 dev.go:101] Listening on address (HTTP + gRPC): 127.0.0.1:50001
 {"metadata":{"emulator":{"name":"dataconnect"},"message":"E0807 18:10:42.744722   17485 dev.go:80] Failed to load initial config from \"/home/luis/projects/luiskr.com-V3/dataconnect\": could not find dataconnect.yaml in `/home/luis/projects/luiskr.com-V3/dataconnect`\nE0807 18:10:42.744958   17485 watch.go:116] watchAllDir unable to walk dir `/home/luis/projects/luiskr.com-V3/dataconnect`: lstat /home/luis/projects/luiskr.com-V3/dataconnect: no such file or directory\nI0807 18:10:42.747180   17485 dev.go:101] Listening on address (HTTP + gRPC): 127.0.0.1:50001\n"}}
[error] [Firebase Plugin] error:  {}
[debug] [2026-08-07T21:10:52.754Z] E0807 18:10:52.754083   17485 watch.go:40] Failed to load config from "/home/luis/projects/luiskr.com-V3/dataconnect": could not find dataconnect.yaml in `/home/luis/projects/luiskr.com-V3/dataconnect`
 {"metadata":{"emulator":{"name":"dataconnect"},"message":"E0807 18:10:52.754083   17485 watch.go:40] Failed to load config from \"/home/luis/projects/luiskr.com-V3/dataconnect\": could not find dataconnect.yaml in `/home/luis/projects/luiskr.com-V3/dataconnect`\n"}}
[debug] [2026-08-07T21:11:02.754Z] E0807 18:11:02.754276   17485 watch.go:40] Failed to load config from "/home/luis/projects/luiskr.com-V3/dataconnect": could not find dataconnect.yaml in `/home/luis/projects/luiskr.com-V3/dataconnect`
 {"metadata":{"emulator":{"name":"dataconnect"},"message":"E0807 18:11:02.754276   17485 watch.go:40] Failed to load config from \"/home/luis/projects/luiskr.com-V3/dataconnect\": could not find dataconnect.yaml in `/home/luis/projects/luiskr.com-V3/dataconnect`\n"}}
[debug] [2026-08-07T21:11:12.746Z] E0807 18:11:12.745925   17485 watch.go:40] Failed to load config from "/home/luis/projects/luiskr.com-V3/dataconnect": could not find dataconnect.yaml in `/home/luis/projects/luiskr.com-V3/dataconnect`
 {"metadata":{"emulator":{"name":"dataconnect"},"message":"E0807 18:11:12.745925   17485 watch.go:40] Failed to load config from \"/home/luis/projects/luiskr.com-V3/dataconnect\": could not find dataconnect.yaml in `/home/luis/projects/luiskr.com-V3/dataconnect`\n"}}
[debug] [2026-08-07T21:11:22.755Z] E0807 18:11:22.755073   17485 watch.go:40] Failed to load config from "/home/luis/projects/luiskr.com-V3/dataconnect": could not find dataconnect.yaml in `/home/luis/projects/luiskr.com-V3/dataconnect`
 {"metadata":{"emulator":{"name":"dataconnect"},"message":"E0807 18:11:22.755073   17485 watch.go:40] Failed to load config from \"/home/luis/projects/luiskr.com-V3/dataconnect\": could not find dataconnect.yaml in `/home/luis/projects/luiskr.com-V3/dataconnect`\n"}}
[debug] [2026-08-07T21:11:32.754Z] E0807 18:11:32.754166   17485 watch.go:40] Failed to load config from "/home/luis/projects/luiskr.com-V3/dataconnect": could not find dataconnect.yaml in `/home/luis/projects/luiskr.com-V3/dataconnect`
 {"metadata":{"emulator":{"name":"dataconnect"},"message":"E0807 18:11:32.754166   17485 watch.go:40] Failed to load config from \"/home/luis/projects/luiskr.com-V3/dataconnect\": could not find dataconnect.yaml in `/home/luis/projects/luiskr.com-V3/dataconnect`\n"}}
[debug] [2026-08-07T21:11:42.746Z] E0807 18:11:42.746256   17485 watch.go:116] watchAllDir unable to walk dir `/home/luis/projects/luiskr.com-V3/dataconnect`: lstat /home/luis/projects/luiskr.com-V3/dataconnect: no such file or directory
E0807 18:11:42.746410   17485 watch.go:40] Failed to load config from "/home/luis/projects/luiskr.com-V3/dataconnect": could not find dataconnect.yaml in `/home/luis/projects/luiskr.com-V3/dataconnect`
 {"metadata":{"emulator":{"name":"dataconnect"},"message":"E0807 18:11:42.746256   17485 watch.go:116] watchAllDir unable to walk dir `/home/luis/projects/luiskr.com-V3/dataconnect`: lstat /home/luis/projects/luiskr.com-V3/dataconnect: no such file or directory\nE0807 18:11:42.746410   17485 watch.go:40] Failed to load config from \"/home/luis/projects/luiskr.com-V3/dataconnect\": could not find dataconnect.yaml in `/home/luis/projects/luiskr.com-V3/dataconnect`\n"}}
[debug] [2026-08-07T21:11:52.753Z] E0807 18:11:52.753643   17485 watch.go:40] Failed to load config from "/home/luis/projects/luiskr.com-V3/dataconnect": could not find dataconnect.yaml in `/home/luis/projects/luiskr.com-V3/dataconnect`
 {"metadata":{"emulator":{"name":"dataconnect"},"message":"E0807 18:11:52.753643   17485 watch.go:40] Failed to load config from \"/home/luis/projects/luiskr.com-V3/dataconnect\": could not find dataconnect.yaml in `/home/luis/projects/luiskr.com-V3/dataconnect`\n"}}
[debug] [2026-08-07T21:12:02.754Z] E0807 18:12:02.754715   17485 watch.go:40] Failed to load config from "/home/luis/projects/luiskr.com-V3/dataconnect": could not find dataconnect.yaml in `/home/luis/projects/luiskr.com-V3/dataconnect`
 {"metadata":{"emulator":{"name":"dataconnect"},"message":"E0807 18:12:02.754715   17485 watch.go:40] Failed to load config from \"/home/luis/projects/luiskr.com-V3/dataconnect\": could not find dataconnect.yaml in `/home/luis/projects/luiskr.com-V3/dataconnect`\n"}}
[debug] [2026-08-07T21:12:12.745Z] E0807 18:12:12.745750   17485 watch.go:40] Failed to load config from "/home/luis/projects/luiskr.com-V3/dataconnect": could not find dataconnect.yaml in `/home/luis/projects/luiskr.com-V3/dataconnect`
 {"metadata":{"emulator":{"name":"dataconnect"},"message":"E0807 18:12:12.745750   17485 watch.go:40] Failed to load config from \"/home/luis/projects/luiskr.com-V3/dataconnect\": could not find dataconnect.yaml in `/home/luis/projects/luiskr.com-V3/dataconnect`\n"}}
[debug] [2026-08-07T21:12:22.754Z] E0807 18:12:22.754783   17485 watch.go:40] Failed to load config from "/home/luis/projects/luiskr.com-V3/dataconnect": could not find dataconnect.yaml in `/home/luis/projects/luiskr.com-V3/dataconnect`
 {"metadata":{"emulator":{"name":"dataconnect"},"message":"E0807 18:12:22.754783   17485 watch.go:40] Failed to load config from \"/home/luis/projects/luiskr.com-V3/dataconnect\": could not find dataconnect.yaml in `/home/luis/projects/luiskr.com-V3/dataconnect`\n"}}
[debug] [2026-08-07T21:12:32.754Z] E0807 18:12:32.754859   17485 watch.go:40] Failed to load config from "/home/luis/projects/luiskr.com-V3/dataconnect": could not find dataconnect.yaml in `/home/luis/projects/luiskr.com-V3/dataconnect`
 {"metadata":{"emulator":{"name":"dataconnect"},"message":"E0807 18:12:32.754859   17485 watch.go:40] Failed to load config from \"/home/luis/projects/luiskr.com-V3/dataconnect\": could not find dataconnect.yaml in `/home/luis/projects/luiskr.com-V3/dataconnect`\n"}}
[debug] [2026-08-07T21:12:42.745Z] E0807 18:12:42.745627   17485 watch.go:116] watchAllDir unable to walk dir `/home/luis/projects/luiskr.com-V3/dataconnect`: lstat /home/luis/projects/luiskr.com-V3/dataconnect: no such file or directory
E0807 18:12:42.745682   17485 watch.go:40] Failed to load config from "/home/luis/projects/luiskr.com-V3/dataconnect": could not find dataconnect.yaml in `/home/luis/projects/luiskr.com-V3/dataconnect`
 {"metadata":{"emulator":{"name":"dataconnect"},"message":"E0807 18:12:42.745627   17485 watch.go:116] watchAllDir unable to walk dir `/home/luis/projects/luiskr.com-V3/dataconnect`: lstat /home/luis/projects/luiskr.com-V3/dataconnect: no such file or directory\nE0807 18:12:42.745682   17485 watch.go:40] Failed to load config from \"/home/luis/projects/luiskr.com-V3/dataconnect\": could not find dataconnect.yaml in `/home/luis/projects/luiskr.com-V3/dataconnect`\n"}}
[debug] [2026-08-07T21:12:52.746Z] E0807 18:12:52.745958   17485 watch.go:40] Failed to load config from "/home/luis/projects/luiskr.com-V3/dataconnect": could not find dataconnect.yaml in `/home/luis/projects/luiskr.com-V3/dataconnect`
 {"metadata":{"emulator":{"name":"dataconnect"},"message":"E0807 18:12:52.745958   17485 watch.go:40] Failed to load config from \"/home/luis/projects/luiskr.com-V3/dataconnect\": could not find dataconnect.yaml in `/home/luis/projects/luiskr.com-V3/dataconnect`\n"}}
[debug] [2026-08-07T21:13:02.745Z] E0807 18:13:02.745271   17485 watch.go:40] Failed to load config from "/home/luis/projects/luiskr.com-V3/dataconnect": could not find dataconnect.yaml in `/home/luis/projects/luiskr.com-V3/dataconnect`
 {"metadata":{"emulator":{"name":"dataconnect"},"message":"E0807 18:13:02.745271   17485 watch.go:40] Failed to load config from \"/home/luis/projects/luiskr.com-V3/dataconnect\": could not find dataconnect.yaml in `/home/luis/projects/luiskr.com-V3/dataconnect`\n"}}
[debug] [2026-08-07T21:13:12.745Z] E0807 18:13:12.745738   17485 watch.go:40] Failed to load config from "/home/luis/projects/luiskr.com-V3/dataconnect": could not find dataconnect.yaml in `/home/luis/projects/luiskr.com-V3/dataconnect`
 {"metadata":{"emulator":{"name":"dataconnect"},"message":"E0807 18:13:12.745738   17485 watch.go:40] Failed to load config from \"/home/luis/projects/luiskr.com-V3/dataconnect\": could not find dataconnect.yaml in `/home/luis/projects/luiskr.com-V3/dataconnect`\n"}}
[debug] [2026-08-07T21:13:22.754Z] E0807 18:13:22.754800   17485 watch.go:40] Failed to load config from "/home/luis/projects/luiskr.com-V3/dataconnect": could not find dataconnect.yaml in `/home/luis/projects/luiskr.com-V3/dataconnect`
 {"metadata":{"emulator":{"name":"dataconnect"},"message":"E0807 18:13:22.754800   17485 watch.go:40] Failed to load config from \"/home/luis/projects/luiskr.com-V3/dataconnect\": could not find dataconnect.yaml in `/home/luis/projects/luiskr.com-V3/dataconnect`\n"}}
[debug] [2026-08-07T21:13:32.754Z] E0807 18:13:32.754848   17485 watch.go:40] Failed to load config from "/home/luis/projects/luiskr.com-V3/dataconnect": could not find dataconnect.yaml in `/home/luis/projects/luiskr.com-V3/dataconnect`
 {"metadata":{"emulator":{"name":"dataconnect"},"message":"E0807 18:13:32.754848   17485 watch.go:40] Failed to load config from \"/home/luis/projects/luiskr.com-V3/dataconnect\": could not find dataconnect.yaml in `/home/luis/projects/luiskr.com-V3/dataconnect`\n"}}
[debug] [2026-08-07T21:13:42.746Z] E0807 18:13:42.745797   17485 watch.go:40] Failed to load config from "/home/luis/projects/luiskr.com-V3/dataconnect": could not find dataconnect.yaml in `/home/luis/projects/luiskr.com-V3/dataconnect`
E0807 18:13:42.745758   17485 watch.go:116] watchAllDir unable to walk dir `/home/luis/projects/luiskr.com-V3/dataconnect`: lstat /home/luis/projects/luiskr.com-V3/dataconnect: no such file or directory
 {"metadata":{"emulator":{"name":"dataconnect"},"message":"E0807 18:13:42.745797   17485 watch.go:40] Failed to load config from \"/home/luis/projects/luiskr.com-V3/dataconnect\": could not find dataconnect.yaml in `/home/luis/projects/luiskr.com-V3/dataconnect`\nE0807 18:13:42.745758   17485 watch.go:116] watchAllDir unable to walk dir `/home/luis/projects/luiskr.com-V3/dataconnect`: lstat /home/luis/projects/luiskr.com-V3/dataconnect: no such file or directory\n"}}
[debug] [2026-08-07T21:13:52.751Z] E0807 18:13:52.750820   17485 watch.go:40] Failed to load config from "/home/luis/projects/luiskr.com-V3/dataconnect": could not find dataconnect.yaml in `/home/luis/projects/luiskr.com-V3/dataconnect`
 {"metadata":{"emulator":{"name":"dataconnect"},"message":"E0807 18:13:52.750820   17485 watch.go:40] Failed to load config from \"/home/luis/projects/luiskr.com-V3/dataconnect\": could not find dataconnect.yaml in `/home/luis/projects/luiskr.com-V3/dataconnect`\n"}}
[debug] [2026-08-07T21:14:02.755Z] E0807 18:14:02.754924   17485 watch.go:40] Failed to load config from "/home/luis/projects/luiskr.com-V3/dataconnect": could not find dataconnect.yaml in `/home/luis/projects/luiskr.com-V3/dataconnect`
 {"metadata":{"emulator":{"name":"dataconnect"},"message":"E0807 18:14:02.754924   17485 watch.go:40] Failed to load config from \"/home/luis/projects/luiskr.com-V3/dataconnect\": could not find dataconnect.yaml in `/home/luis/projects/luiskr.com-V3/dataconnect`\n"}}
[debug] [2026-08-07T21:14:12.745Z] E0807 18:14:12.745706   17485 watch.go:40] Failed to load config from "/home/luis/projects/luiskr.com-V3/dataconnect": could not find dataconnect.yaml in `/home/luis/projects/luiskr.com-V3/dataconnect`
 {"metadata":{"emulator":{"name":"dataconnect"},"message":"E0807 18:14:12.745706   17485 watch.go:40] Failed to load config from \"/home/luis/projects/luiskr.com-V3/dataconnect\": could not find dataconnect.yaml in `/home/luis/projects/luiskr.com-V3/dataconnect`\n"}}
[debug] [2026-08-07T21:14:22.753Z] E0807 18:14:22.753605   17485 watch.go:40] Failed to load config from "/home/luis/projects/luiskr.com-V3/dataconnect": could not find dataconnect.yaml in `/home/luis/projects/luiskr.com-V3/dataconnect`
 {"metadata":{"emulator":{"name":"dataconnect"},"message":"E0807 18:14:22.753605   17485 watch.go:40] Failed to load config from \"/home/luis/projects/luiskr.com-V3/dataconnect\": could not find dataconnect.yaml in `/home/luis/projects/luiskr.com-V3/dataconnect`\n"}}
[debug] [2026-08-07T21:14:34.505Z] E0807 18:14:32.754706   17485 watch.go:40] Failed to load config from "/home/luis/projects/luiskr.com-V3/dataconnect": could not find dataconnect.yaml in `/home/luis/projects/luiskr.com-V3/dataconnect`
 {"metadata":{"emulator":{"name":"dataconnect"},"message":"E0807 18:14:32.754706   17485 watch.go:40] Failed to load config from \"/home/luis/projects/luiskr.com-V3/dataconnect\": could not find dataconnect.yaml in `/home/luis/projects/luiskr.com-V3/dataconnect`\n"}}
[debug] [2026-08-07T21:14:42.745Z] E0807 18:14:42.745485   17485 watch.go:116] watchAllDir unable to walk dir `/home/luis/projects/luiskr.com-V3/dataconnect`: lstat /home/luis/projects/luiskr.com-V3/dataconnect: no such file or directory
E0807 18:14:42.745563   17485 watch.go:40] Failed to load config from "/home/luis/projects/luiskr.com-V3/dataconnect": could not find dataconnect.yaml in `/home/luis/projects/luiskr.com-V3/dataconnect`
 {"metadata":{"emulator":{"name":"dataconnect"},"message":"E0807 18:14:42.745485   17485 watch.go:116] watchAllDir unable to walk dir `/home/luis/projects/luiskr.com-V3/dataconnect`: lstat /home/luis/projects/luiskr.com-V3/dataconnect: no such file or directory\nE0807 18:14:42.745563   17485 watch.go:40] Failed to load config from \"/home/luis/projects/luiskr.com-V3/dataconnect\": could not find dataconnect.yaml in `/home/luis/projects/luiskr.com-V3/dataconnect`\n"}}
[debug] [2026-08-07T21:14:52.753Z] E0807 18:14:52.753547   17485 watch.go:40] Failed to load config from "/home/luis/projects/luiskr.com-V3/dataconnect": could not find dataconnect.yaml in `/home/luis/projects/luiskr.com-V3/dataconnect`
 {"metadata":{"emulator":{"name":"dataconnect"},"message":"E0807 18:14:52.753547   17485 watch.go:40] Failed to load config from \"/home/luis/projects/luiskr.com-V3/dataconnect\": could not find dataconnect.yaml in `/home/luis/projects/luiskr.com-V3/dataconnect`\n"}}
[debug] [2026-08-07T21:15:02.746Z] E0807 18:15:02.745840   17485 watch.go:40] Failed to load config from "/home/luis/projects/luiskr.com-V3/dataconnect": could not find dataconnect.yaml in `/home/luis/projects/luiskr.com-V3/dataconnect`
 {"metadata":{"emulator":{"name":"dataconnect"},"message":"E0807 18:15:02.745840   17485 watch.go:40] Failed to load config from \"/home/luis/projects/luiskr.com-V3/dataconnect\": could not find dataconnect.yaml in `/home/luis/projects/luiskr.com-V3/dataconnect`\n"}}
[debug] [2026-08-07T21:15:12.745Z] E0807 18:15:12.745622   17485 watch.go:40] Failed to load config from "/home/luis/projects/luiskr.com-V3/dataconnect": could not find dataconnect.yaml in `/home/luis/projects/luiskr.com-V3/dataconnect`
 {"metadata":{"emulator":{"name":"dataconnect"},"message":"E0807 18:15:12.745622   17485 watch.go:40] Failed to load config from \"/home/luis/projects/luiskr.com-V3/dataconnect\": could not find dataconnect.yaml in `/home/luis/projects/luiskr.com-V3/dataconnect`\n"}}
[debug] [2026-08-07T21:15:22.754Z] E0807 18:15:22.753919   17485 watch.go:40] Failed to load config from "/home/luis/projects/luiskr.com-V3/dataconnect": could not find dataconnect.yaml in `/home/luis/projects/luiskr.com-V3/dataconnect`
 {"metadata":{"emulator":{"name":"dataconnect"},"message":"E0807 18:15:22.753919   17485 watch.go:40] Failed to load config from \"/home/luis/projects/luiskr.com-V3/dataconnect\": could not find dataconnect.yaml in `/home/luis/projects/luiskr.com-V3/dataconnect`\n"}}
[debug] [2026-08-07T21:15:32.755Z] E0807 18:15:32.755015   17485 watch.go:40] Failed to load config from "/home/luis/projects/luiskr.com-V3/dataconnect": could not find dataconnect.yaml in `/home/luis/projects/luiskr.com-V3/dataconnect`
 {"metadata":{"emulator":{"name":"dataconnect"},"message":"E0807 18:15:32.755015   17485 watch.go:40] Failed to load config from \"/home/luis/projects/luiskr.com-V3/dataconnect\": could not find dataconnect.yaml in `/home/luis/projects/luiskr.com-V3/dataconnect`\n"}}
[debug] [2026-08-07T21:15:42.746Z] E0807 18:15:42.746114   17485 watch.go:116] watchAllDir unable to walk dir `/home/luis/projects/luiskr.com-V3/dataconnect`: lstat /home/luis/projects/luiskr.com-V3/dataconnect: no such file or directory
E0807 18:15:42.746194   17485 watch.go:40] Failed to load config from "/home/luis/projects/luiskr.com-V3/dataconnect": could not find dataconnect.yaml in `/home/luis/projects/luiskr.com-V3/dataconnect`
 {"metadata":{"emulator":{"name":"dataconnect"},"message":"E0807 18:15:42.746114   17485 watch.go:116] watchAllDir unable to walk dir `/home/luis/projects/luiskr.com-V3/dataconnect`: lstat /home/luis/projects/luiskr.com-V3/dataconnect: no such file or directory\nE0807 18:15:42.746194   17485 watch.go:40] Failed to load config from \"/home/luis/projects/luiskr.com-V3/dataconnect\": could not find dataconnect.yaml in `/home/luis/projects/luiskr.com-V3/dataconnect`\n"}}
[debug] [2026-08-07T21:15:52.754Z] E0807 18:15:52.754367   17485 watch.go:40] Failed to load config from "/home/luis/projects/luiskr.com-V3/dataconnect": could not find dataconnect.yaml in `/home/luis/projects/luiskr.com-V3/dataconnect`
 {"metadata":{"emulator":{"name":"dataconnect"},"message":"E0807 18:15:52.754367   17485 watch.go:40] Failed to load config from \"/home/luis/projects/luiskr.com-V3/dataconnect\": could not find dataconnect.yaml in `/home/luis/projects/luiskr.com-V3/dataconnect`\n"}}
[debug] [2026-08-07T21:16:02.754Z] E0807 18:16:02.754458   17485 watch.go:40] Failed to load config from "/home/luis/projects/luiskr.com-V3/dataconnect": could not find dataconnect.yaml in `/home/luis/projects/luiskr.com-V3/dataconnect`
 {"metadata":{"emulator":{"name":"dataconnect"},"message":"E0807 18:16:02.754458   17485 watch.go:40] Failed to load config from \"/home/luis/projects/luiskr.com-V3/dataconnect\": could not find dataconnect.yaml in `/home/luis/projects/luiskr.com-V3/dataconnect`\n"}}
[debug] [2026-08-07T21:16:12.745Z] E0807 18:16:12.745584   17485 watch.go:40] Failed to load config from "/home/luis/projects/luiskr.com-V3/dataconnect": could not find dataconnect.yaml in `/home/luis/projects/luiskr.com-V3/dataconnect`
 {"metadata":{"emulator":{"name":"dataconnect"},"message":"E0807 18:16:12.745584   17485 watch.go:40] Failed to load config from \"/home/luis/projects/luiskr.com-V3/dataconnect\": could not find dataconnect.yaml in `/home/luis/projects/luiskr.com-V3/dataconnect`\n"}}
[debug] [2026-08-07T21:16:22.754Z] E0807 18:16:22.754767   17485 watch.go:40] Failed to load config from "/home/luis/projects/luiskr.com-V3/dataconnect": could not find dataconnect.yaml in `/home/luis/projects/luiskr.com-V3/dataconnect`
 {"metadata":{"emulator":{"name":"dataconnect"},"message":"E0807 18:16:22.754767   17485 watch.go:40] Failed to load config from \"/home/luis/projects/luiskr.com-V3/dataconnect\": could not find dataconnect.yaml in `/home/luis/projects/luiskr.com-V3/dataconnect`\n"}}
[debug] [2026-08-07T21:16:32.755Z] E0807 18:16:32.754946   17485 watch.go:40] Failed to load config from "/home/luis/projects/luiskr.com-V3/dataconnect": could not find dataconnect.yaml in `/home/luis/projects/luiskr.com-V3/dataconnect`
 {"metadata":{"emulator":{"name":"dataconnect"},"message":"E0807 18:16:32.754946   17485 watch.go:40] Failed to load config from \"/home/luis/projects/luiskr.com-V3/dataconnect\": could not find dataconnect.yaml in `/home/luis/projects/luiskr.com-V3/dataconnect`\n"}}
[debug] [2026-08-07T21:16:42.746Z] E0807 18:16:42.746035   17485 watch.go:116] watchAllDir unable to walk dir `/home/luis/projects/luiskr.com-V3/dataconnect`: lstat /home/luis/projects/luiskr.com-V3/dataconnect: no such file or directory
E0807 18:16:42.746118   17485 watch.go:40] Failed to load config from "/home/luis/projects/luiskr.com-V3/dataconnect": could not find dataconnect.yaml in `/home/luis/projects/luiskr.com-V3/dataconnect`
 {"metadata":{"emulator":{"name":"dataconnect"},"message":"E0807 18:16:42.746035   17485 watch.go:116] watchAllDir unable to walk dir `/home/luis/projects/luiskr.com-V3/dataconnect`: lstat /home/luis/projects/luiskr.com-V3/dataconnect: no such file or directory\nE0807 18:16:42.746118   17485 watch.go:40] Failed to load config from \"/home/luis/projects/luiskr.com-V3/dataconnect\": could not find dataconnect.yaml in `/home/luis/projects/luiskr.com-V3/dataconnect`\n"}}
[debug] [2026-08-07T21:16:52.754Z] E0807 18:16:52.754365   17485 watch.go:40] Failed to load config from "/home/luis/projects/luiskr.com-V3/dataconnect": could not find dataconnect.yaml in `/home/luis/projects/luiskr.com-V3/dataconnect`
 {"metadata":{"emulator":{"name":"dataconnect"},"message":"E0807 18:16:52.754365   17485 watch.go:40] Failed to load config from \"/home/luis/projects/luiskr.com-V3/dataconnect\": could not find dataconnect.yaml in `/home/luis/projects/luiskr.com-V3/dataconnect`\n"}}
[debug] [2026-08-07T21:17:02.749Z] E0807 18:17:02.749396   17485 watch.go:40] Failed to load config from "/home/luis/projects/luiskr.com-V3/dataconnect": could not find dataconnect.yaml in `/home/luis/projects/luiskr.com-V3/dataconnect`
 {"metadata":{"emulator":{"name":"dataconnect"},"message":"E0807 18:17:02.749396   17485 watch.go:40] Failed to load config from \"/home/luis/projects/luiskr.com-V3/dataconnect\": could not find dataconnect.yaml in `/home/luis/projects/luiskr.com-V3/dataconnect`\n"}}
[debug] [2026-08-07T21:17:12.745Z] E0807 18:17:12.745557   17485 watch.go:40] Failed to load config from "/home/luis/projects/luiskr.com-V3/dataconnect": could not find dataconnect.yaml in `/home/luis/projects/luiskr.com-V3/dataconnect`
 {"metadata":{"emulator":{"name":"dataconnect"},"message":"E0807 18:17:12.745557   17485 watch.go:40] Failed to load config from \"/home/luis/projects/luiskr.com-V3/dataconnect\": could not find dataconnect.yaml in `/home/luis/projects/luiskr.com-V3/dataconnect`\n"}}
[debug] [2026-08-07T21:17:22.745Z] E0807 18:17:22.745268   17485 watch.go:40] Failed to load config from "/home/luis/projects/luiskr.com-V3/dataconnect": could not find dataconnect.yaml in `/home/luis/projects/luiskr.com-V3/dataconnect`
 {"metadata":{"emulator":{"name":"dataconnect"},"message":"E0807 18:17:22.745268   17485 watch.go:40] Failed to load config from \"/home/luis/projects/luiskr.com-V3/dataconnect\": could not find dataconnect.yaml in `/home/luis/projects/luiskr.com-V3/dataconnect`\n"}}
[debug] [2026-08-07T21:17:32.754Z] E0807 18:17:32.754690   17485 watch.go:40] Failed to load config from "/home/luis/projects/luiskr.com-V3/dataconnect": could not find dataconnect.yaml in `/home/luis/projects/luiskr.com-V3/dataconnect`
 {"metadata":{"emulator":{"name":"dataconnect"},"message":"E0807 18:17:32.754690   17485 watch.go:40] Failed to load config from \"/home/luis/projects/luiskr.com-V3/dataconnect\": could not find dataconnect.yaml in `/home/luis/projects/luiskr.com-V3/dataconnect`\n"}}
[debug] [2026-08-07T21:17:42.746Z] E0807 18:17:42.745910   17485 watch.go:116] watchAllDir unable to walk dir `/home/luis/projects/luiskr.com-V3/dataconnect`: lstat /home/luis/projects/luiskr.com-V3/dataconnect: no such file or directory
E0807 18:17:42.746037   17485 watch.go:40] Failed to load config from "/home/luis/projects/luiskr.com-V3/dataconnect": could not find dataconnect.yaml in `/home/luis/projects/luiskr.com-V3/dataconnect`
 {"metadata":{"emulator":{"name":"dataconnect"},"message":"E0807 18:17:42.745910   17485 watch.go:116] watchAllDir unable to walk dir `/home/luis/projects/luiskr.com-V3/dataconnect`: lstat /home/luis/projects/luiskr.com-V3/dataconnect: no such file or directory\nE0807 18:17:42.746037   17485 watch.go:40] Failed to load config from \"/home/luis/projects/luiskr.com-V3/dataconnect\": could not find dataconnect.yaml in `/home/luis/projects/luiskr.com-V3/dataconnect`\n"}}
